Handle,Title,Body (HTML),Vendor,Type,Tags,Published,Option1 Name,Option1 Value,Variant SKU,Variant Inventory Tracker,Variant Inventory Qty,Variant Inventory Policy,Variant Fulfillment Service,Variant Price,Variant Compare At Price,Variant Requires Shipping,Variant Taxable,Image Src,Image Position,Image Alt Text,SEO Title,SEO Description,Status
energy-pack-15k,Energy Pack 15K,"<p><b>Kit Nutricional para 15K – ¡Rinde al máximo en cada kilómetro!</b></p>
<p>Prepárate para cruzar la meta con la mejor energía, fuerza y recuperación. El <b>Kit de Nutrición Deportiva para 15K de Actimax</b> fue diseñado por expertos en nutrición deportiva para tu reto.</p>
<p><b>El Energy Pack 15K incluye:</b></p>
<ul> <li>1 Sobre de Pre Race</li>
<li>1 Gel Energético de 30 gr</li>
<li>1 Energy Gel</li>
<li>1 Sobre de Recovery Pro</li>
</ul>
<p><b>Recomendaciones de uso:</b></p>
<p>Ya no tienes que improvisar ni preocuparte por qué llevar o qué tomar. Este kit tiene todo lo necesario para que tu carrera sea una experiencia poderosa, sin calambres, sin bajones de energía y con una recuperación más efectiva.</p>
<p><b>Antes:</b></p>
<ul> <li><b>1 Sobre de Pre Race</b>: recarga tus músculos de energía. Te recomendamos prepararlo 15 o 20 minutos antes de iniciar con agua, jugo, café, leche o tu bebida favorita.</li>
</ul>
<b>Durante:</b> <ul> <li><b>1 Gel Energético de 30g</b>: energía rápida y constante justo cuando lo necesitas. Te recomendamos consumirlo en el kilómetro 7.</li>
<li><b>1 Energy Gel:</b> un boost de energía rápida, justo cuando más lo necesitas, ideal para rematar con la mejor energía. Inclúyelo en el kilómetro 12.</li>
</ul>
<b>Después:</b> <ul> <li><b>1 Sobre de Recovery Pro</b>: ahora que ya terminaste tu reto viene la recuperación. Prepara tu Recovery Pro en los primeros 30 minutos después de terminar tu carrera para sacarle el mayor provecho y asegurar una recuperación rápida y efectiva.</li>
</ul>
<p><b>¿Por qué elegir este kit?</b></p>
<ul> <li>🧠 <b>Desarrollado por expertos</b> en nutrición deportiva.<br></li>
<li>🕐 <b>Optimiza cada etapa de tu carrera</b>: antes, durante y después.<br></li>
<li>🚀 <b>Evita la pálida, los calambres y el agotamiento</b>.<br></li>
<li>🇨🇴 <b>100% colombiano</b>, diseñado para nuestro terreno, clima y deportistas.</li>
</ul>",Actimax,Energy Packs,kits,TRUE,Title,Default Title,,shopify,100,deny,manual,40000,46000,TRUE,TRUE,https://actimax.com.co/wp-content/uploads/2025/04/Energy-Pack-15K-Actimax-Running.webp,1,Energy Pack 15K,Energy Pack 15K — Actimax,"Kit Nutricional para 15K – ¡Rinde al máximo en cada kilómetro! Prepárate para cruzar la meta con la mejor energía, fuerza y recuperación. El Kit de Nutrición De",active
energy-pack-15k,,,,,,,,,,,,,,,,,,https://actimax.com.co/wp-content/uploads/2025/04/Infografia-Recomendaciones-de-uso-Energy-Pack-15K-.webp,2,Energy Pack 15K,,,
energy-pack-15k,,,,,,,,,,,,,,,,,,https://actimax.com.co/wp-content/uploads/2025/05/3.-Geles-energe%E2%95%A0uticos-Actimax-30-g.webp,3,Energy Pack 15K,,,
energy-pack-42k-sub-3,Energy Pack 42K Sub 3,"<p>¡La energía para corredores que se retan! Ve por tu mejor marca en los 42K con la nutrición que tu cuerpo merece.</p>
<p><strong>El Energy Pack 42K Sub 3 incluye:</strong></p>
<ul> <li>1 Sobre de Pre Race</li>
<li>6 Energy Gel</li>
<li>3 Sobres de Bebida Élite</li>
<li>1 Sobre de Recovery Pro</li>
</ul>
<p><b>Recomendaciones de uso:</b></p>
<p><strong>El Energy Pack 42K Sub 3 te aporta: 71,5 gr de carbohidratos x hora y 250 mg de sodio por hora. Si necesitas aumentar la cantidad de carbohidratos x hora contactanos para darte indicaciones.</strong></p>
<p><b>Antes de la carrera:</b></p>
<ul> <li>Pre Race: consume 1 sobre de Pre Race Actimax en tu desayuno. Disuelve el contenido del sobre en 250 ml (una taza) de tu bebida preferida (agua, leche, yogurt, avena, café).</li>
</ul>
<p><b>Durante la carrera :</b></p>
<ul> <li>Geles: usa Energy Gel cada 30 minutos.</li>
<li>Hidratación: toma 1 sorbo de Bebida Élite cada 10 minutos durante toda la carrera para asegurar la reposición de líquido y reponer sales perdidas por el sudor.</li>
</ul>
<p><b>Después de la carrera:</b></p>
<ul> <li>Recovery: después de un gran reto llega la recompensa. Consume 1 sobre de Recovery Pro Actimax en 250 ml de agua después de finalizar la carrera para tu recuperación muscular.</li>
</ul>",Actimax,Energy Packs,"kits, running",TRUE,Title,Default Title,,shopify,100,deny,manual,95000,108000,TRUE,TRUE,https://actimax.com.co/wp-content/uploads/2025/08/Energy-pack-42K-sub-3-running.webp,1,Energy Pack 42K Sub 3,Energy Pack 42K Sub 3 — Actimax,¡La energía para corredores que se retan! Ve por tu mejor marca en los 42K con la nutrición que tu cuerpo merece. El Energy Pack 42K Sub 3 incluye: 1 Sobre de P,active
energy-pack-42k-sub-3,,,,,,,,,,,,,,,,,,https://actimax.com.co/wp-content/uploads/2025/08/Infografia-Energy-Packs-Sub-42K.webp,2,Energy Pack 42K Sub 3,,,
energy-pack-42k-sub-3,,,,,,,,,,,,,,,,,,https://actimax.com.co/wp-content/uploads/2024/04/Infografia-42K-2-0000.jpg,3,Energy Pack 42K Sub 3,,,
energy-pack-de-10k,Energy Pack 10K,"<p>¡La energía para tus 10K está aquí! Los expertos en nutrición deportiva de Actimax crearon un pack edición especial para tu reto.</p>
<p>El Energy Pack 10K incluye:</p>
<p>• 1 Sobre de Pre Race<br> • 1 Energy Gel (recomendado para el kilómetro 5)<br> • 1 Sobre de Recovery Pro</p>
<p>*Pack con unidades limitadas, disponible hasta agotar existencia.</p>
<p><b>Recomendaciones de uso del Energy Pack 10K</b></p>
<p><b>Antes de la carrera:</b></p>
<p>• <b>Pre Race:</b>consume 1 sobre de Pre Race Actimax en tu desayuno. Disuelve todo el contenido del sobre en 250 ml de tu bebida favorita (agua, leche, yogurt, avena, café, jugo, etc).</p>
<p><b>Durante la carrera :</b></p>
<ul> <li><b>Energy Gel:</b> te recomendamos consumir un Energy Gel en el kilómetro 5 (gel energético de absorción rápida).</li>
<li>Usa las zonas de hidratación dispuestas por la organización.</li>
</ul>
<p><b>Después de la carrera:</b></p>
<p>• Entre los primeros 30 minutos después de finalizar la carrera, consume 1 sobre de <b>Recovery Pro Actimax</b>con agua o tu bebida preferida, te ayudará en la recuperación rápida de tus músculos, la reposición de glucógeno y la rehidratación de tu cuerpo.</p>",Actimax,Energy Packs,kits,TRUE,Title,Default Title,,shopify,100,deny,manual,35000,37000,TRUE,TRUE,https://actimax.com.co/wp-content/uploads/2025/08/Energy-Pack-10K.webp,1,Energy Pack 10K,Energy Pack 10K — Actimax,¡La energía para tus 10K está aquí! Los expertos en nutrición deportiva de Actimax crearon un pack edición especial para tu reto. El Energy Pack 10K incluye: • ,active
energy-pack-de-10k,,,,,,,,,,,,,,,,,,https://actimax.com.co/wp-content/uploads/2024/01/Energy-Gel-Actimax.jpeg,2,Energy Pack 10K,,,
energy-pack-de-10k,,,,,,,,,,,,,,,,,,https://actimax.com.co/wp-content/uploads/2025/08/Infografia-de-10K-Recomendaciones-de-uso-para-el-portal-web.webp,3,Energy Pack 10K,,,
pack-sachets-bebida-elite-cafeina,Pack x20 sachets Bebida Deportiva Élite con Cafeína,"<p>Con su nueva presentación en sobres, podrás llevar la hidratación y energía a todos tus entrenamientos. La Bebida Deportiva Élite con cafeína Actimax, es una bebida para usar durante el entrenamiento, ideal para aquellos deportistas que buscan sentirse más ágiles y con el mejor combustible para entrenar o competir.</p>
<h3>Recomendaciones de uso</h3>
<strong>Descripción detallada de la Bebida Deportiva Élite:</strong> <p>La Bebida Deportiva Élite con Cafeína Actimax en sachet es una bebida desarrollada para atletas que necesitan una fuente de aporte de energía, hidratación, concentración e intensidad que actué de forma rápida, constante y prolongada DURANTE el entrenamiento o competencia.</p>
<p>Esta bebida contiene una matriz energética con una consistente mezcla de maltodextrina, dextrosa y fructosa, carbohidratos de rápida asimilación que son la fuente principal de energía en el rendimiento deportivo; cafeína, para activar tu sistema nervioso y aportar esa chispa extra de energía y concentración a tu cuerpo; electrolitos para mejorar la contracción muscular y vitaminas.</p>
<p>Esta bebida es recomendada para entrenamientos y competencias en deportes de velocidad, resistencia y fuerza.</p>
<p>Preparar la bebida es muy fácil, solo mezclas un sachet (30 gr) de Actimax en 500 ml de agua, agitas y en cuestión de segundos tienes una bebida hidratante y energética especializada para que alcances tu máximo potencial en tu deporte preferido y que te aportará 27,5 gr de carbohidratos, 250 mg de sodio y 55 mg de cafeína.</p>
<p>Si quieres aumentar el aporte de carbohidratos, sodio y cafeína por cada 500 ml sigue estas indicaciones:</p>
<ul> <li>2 sachet (60 gr) de Actimax : Te aportarán 55 gr de carbohidratos, 500 mg de sodio y 110 mg de cafeina.</li>
</ul>
Sabores de la bebida: <p>Naranja, Limón, Uva y Tutti Frutti.</p>
Información nutricional de la Bebida Deportiva Élite: 1 sachet (30 gr) en 500 ml de agua <ul> <li>27,5 gr de carbohidratos.</li>
<li>250 mg de sodio.</li>
<li>13 mg de vitamina C.</li>
<li>55 mg de cafeína.</li>
<li>Vitaminas B2, B3, B6, B12, B5.</li>
</ul>
Preguntas Frecuentes <p>¿La bebida deportiva elite Actimax es hidratante?</p>
<p>Si, las bebidas deportivas Elite Actimax contienen electrolitos específicos que ayudan a la hidratación del cuerpo durante la actividad física y adicionalmente contienen otros nutrientes que aportan combustible – energía a los músculos para que puedas explotar al máximo tu rendimiento deportivo.</p>
<p>¿Es mejor hidratarse solo con agua?</p>
<p>Cuando sudamos perdemos agua y a su vez perdemos electrolitos, ambos son fundamentales para que tu cuerpo y tus músculos funcionen adecuadamente y se mantenga un equilibrio de agua y electrolitos.</p>
<p>Por eso te recomendamos si vas a realizar actividades deportivas de más de 60 minutos incorporar al agua una mezcla de electrolitos y carbohidratos como los que están en las bebidas deportivas elite Actimax para garantizar que el agua permanecerá más tiempo en tu cuerpo ayudándote a mantenerte hidratado y con más energía.</p>
<p>¿Cómo se prepara la bebida deportiva elite Actimax?</p>
<p>Se coloca una porción de bebida deportiva elite Actimax en ½ litro de agua (500 ml) se mezcla y en cuestión de segundos tienes una bebida que te aporta hidratación y energía.</p>
<p>¿Cómo se consume la bebida deportiva Actimax?</p>
<p>Te recomendamos consumir sorbos de 100 a 125 ml cada 15 minutos para garantizar el aporte de agua, electrolitos y energía que tus músculos necesitan durante el entrenamiento o competencias.</p>
<p>¿Puedo consumir la bebida deportiva Actimax con el gel Actimax al mismo tiempo?</p>
<p>Para entrenamientos de más de 120 min es ideal utilizar la bebida deportiva Actimax en combinación con los geles Actimax para que tus músculos obtengan la cantidad adecuada de agua, electrolitos y combustible que necesitas para esos esfuerzos prolongados y conseguir un mejor rendimiento.</p>
<p>¿La bebida deportiva Actimax tiene cafeína?</p>
<p>SI, pero si la quieres sin cafeína también tenemos la referencia de bebida deportiva Actimax libre de cafeína que puedes encontrar en la presentación de tarro por 500 gr.</p>
<p>¿Cómo me ayuda la cafeína en la bebida deportiva Actimax?</p>
<p>La cafeína estimula tu sistema nervioso central mejorando la concentración y al estado de alerta que son muy importantes a la hora de entrenar o competir, adicionalmente la cafeína en entrenamientos de más de 120 minutos te ayuda disminuir la percepción del esfuerzo retrasando la aparición de la fatiga</p>
<p>¿Los niños pueden consumir la bebida deportiva Actimax?</p>
<p>Los deportistas de cualquier edad y sexo que realicen una actividad física que requiera hidratación y energía inmediata de larga duración pueden consumir la bebida deportiva Actimax con seguridad.</p>
<p>Solo recomendamos no utilizar las referencias con cafeína en menores de 14 años, mujeres en embarazo y personas sensibles a la cafeína. Recuerda que tenemos referencias con cafeína y sin cafeína.</p>
<p>¿Soy vegano, puedo consumir la bebida deportiva Actimax?</p>
<p>Todas nuestras referencias de bebida deportiva Actimax son aptas para veganos, son libres de gluten y libres de lácteos, sin aditivos ni preservantes.</p>",Actimax,Bebidas deportivas,"bebidas, durante, ciclismo, futbol, gym, natacion, running, triatlon",TRUE,Title,Default Title,,shopify,100,deny,manual,103500,,TRUE,TRUE,https://actimax.com.co/wp-content/uploads/2023/03/Pack-x20-sachets-Bebida-Deportiva-Elite-con-Cafeina.png,1,Pack x20 sachets Bebida Deportiva Élite con Cafeína,Pack x20 sachets Bebida Deportiva Élite con Cafeína — Actimax,"Con su nueva presentación en sobres, podrás llevar la hidratación y energía a todos tus entrenamientos. La Bebida Deportiva Élite con cafeína Actimax, es una be",active
pack-sachets-bebida-elite-cafeina,,,,,,,,,,,,,,,,,,https://actimax.com.co/wp-content/uploads/2023/03/bebida_deportiva_elite.jpg,2,Pack x20 sachets Bebida Deportiva Élite con Cafeína,,,
pack-sachets-bebida-elite-cafeina,,,,,,,,,,,,,,,,,,https://actimax.com.co/wp-content/uploads/2023/03/bebida_deportiva_sin-cafeina.jpg,3,Pack x20 sachets Bebida Deportiva Élite con Cafeína,,,
pack-sachets-bebida-elite-cafeina,,,,,,,,,,,,,,,,,,https://actimax.com.co/wp-content/uploads/2023/03/bebida_deportiva_elite-actimax.jpg,4,Pack x20 sachets Bebida Deportiva Élite con Cafeína,,,
pack-sachets-bebida-elite-cafeina,,,,,,,,,,,,,,,,,,https://actimax.com.co/wp-content/uploads/2023/03/Bebida-elite-sachet-tabla-nutricional.jpg,5,Pack x20 sachets Bebida Deportiva Élite con Cafeína,,,
energy-pack-gran-fondo,Energy Pack Gran Fondo,"<p>Este Energy Pack <b>Gran Fondo</b> ha sido diseñado por especialistas en nutrición deportiva para garantizar la hidratación, energía y recuperación que necesitas para tu fondo de ciclismo.</p>
<p>¡Úsalo en entrenamientos y competencias!</p>
<p>El Energy Pack del Gran Fondo incluye:</p>
<ul> <li>1 Sobre Pre Race</li>
<li>5 Sobres de Bebida Élite</li>
<li>2 Geles energéticos de 90 gr</li>
<li>2 Energy Gel</li>
<li>1 Sobre de Recovery Pro</li>
</ul>
<h3>Recomendaciones de uso</h3>
<p><b>Antes</b>:</p>
<p>• <b>Pre Race</b>: consume 1 sobre de Pre Race Actimax en tu desayuno. Disuelve todo el contenido del sobre en 250 ml (una taza) de tu bebida preferida (agua, leche, yogurt, avena, café, jugo, etc).</p>
<p><b>Durante</b>:</p>
<ul> <li><b></b><b>Geles energéticos</b>: 2 geles energéticos de 90 g: consume una porción de gel cada 45 minutos. 2 Energy Gel: ideales para los kilómetros más retadores, premios de montaña o cronos específicas.</li>
<li><b></b><b>Hidratación</b>: 5 Sobres de Bebida Élite que te aportarán electrolitos y carbohidratos para la ruta. Prepara cada sobre en una caramañola (te recomendamos consumir una caramañola por hora).</li>
</ul>
<p><b>Después</b>:</p>
<p>Consume 1 sobre de Recovery Pro Actimax. Disuelve el contenido del sobre en 250 ml de agua y consúmelo cuando estés de vuelta a la calma para garantizar la recuperación rápida de tus músculos, la reposición de glucógeno y la rehidratación de tu cuerpo.</p>",Actimax,Energy Packs,"kits, ciclismo",TRUE,Title,Default Title,,shopify,100,deny,manual,95000,112000,TRUE,TRUE,https://actimax.com.co/wp-content/uploads/2025/09/Energy-Pack-Gran-Fondo-ciclismo.webp,1,Energy Pack Gran Fondo,Energy Pack Gran Fondo — Actimax,"Este Energy Pack Gran Fondo ha sido diseñado por especialistas en nutrición deportiva para garantizar la hidratación, energía y recuperación que necesitas para ",active
energy-pack-gran-fondo,,,,,,,,,,,,,,,,,,https://actimax.com.co/wp-content/uploads/2022/04/Energy-Pack-Gran-Fondo-Ciclismo-Kit-de-nutricion-para-Gran-Fondo-1.webp,2,Energy Pack Gran Fondo,,,
energy-pack-gran-fondo,,,,,,,,,,,,,,,,,,https://actimax.com.co/wp-content/uploads/2022/04/Energy-Pack-Gran-Fondo-Ciclismo-Kit-de-nutricion-para-Gran-Fondo-3.webp,3,Energy Pack Gran Fondo,,,
energy-pack-gran-fondo,,,,,,,,,,,,,,,,,,https://actimax.com.co/wp-content/uploads/2022/04/Energy-Pack-Gran-Fondo-Ciclismo-Kit-de-nutricion-para-Gran-Fondo-2.webp,4,Energy Pack Gran Fondo,,,
energy-pack-media-maraton-21k,Energy Pack Media Maratón 21K,"<p>Este Energy Pack <strong>Media Maratón 21K</strong> ha sido diseñado por los expertos en nutrición deportiva de Actimax para que conquistes la meta con la hidratación, energía y recuperación que tu cuerpo necesita.</p>
<p>El Energy Pack 21K incluye:</p>
<ul> <li>1 Sobre de Pre Race</li>
<li>2 Geles Energéticos con cafeína de 30 gr</li>
<li>1 Energy Gel</li>
<li>1 Sobre de Recovery Pro</li>
</ul>
<h3>Recomendaciones de uso</h3>
<p><strong>Antes de la carrera:</strong></p>
<p>• Pre Race: consume 1 sobre de Pre Race Actimax en tu desayuno. Disuelve todo el contenido del sobre en 250 ml (una taza) de tu bebida preferida (agua, leche, yogurt, avena, café, jugo, etc).</p>
<p><strong>Durante la carrera :</strong></p>
<ul> <li>Geles: planifica el consumo de un gel de fruta Actimax en los siguientes kilómetros: Km 7 – Km 14 y un Energy gel Actimax en el Km 19 para así garantizar la reposición de energía rápida y de larga duración a tus músculos y que puedas conseguir tu PR en la media maratón. (Nota: después de consumir cada gel toma un sorbo grande de bebida deportiva Elite Actimax.)</li>
<li>Hidratación: antes de salir de tu casa prepara un sobre de la bebida deportiva Elite en 500 ml de agua, ve consumiendo pequeños sorbos durante el recorrido hacia el lugar de salida de la carrera y hasta finalizar el calentamiento, esta estrategia te ayudará a la pre-hidratación de tus músculos y al aumento de reservas de glucógeno muscular previos al inicio de la carrera. Para la carrera, te recomendamos utilizar la hidratación dispuesta por la organización y consumir un sorbo de 100 ml en cada punto de hidratación durante todo el recorrido (utiliza la hidratación en todos los puntos disponibles y consume preferiblemente las bebidas que contengan carbohidratos y electrolitos, el agua también puedes arrojártela encima para bajar la temperatura corporal y que tu cuerpo sea más eficiente)</li>
</ul>
<p><strong>Después de la carrera llega tu recompensa</strong></p>
<p>• Consume 1 sobre de Recovery Pro Actimax + 1 sobre de la bebida deportiva Elite disueltos en 500 ml de agua, consúmelo cuando estés realizando el estiramiento y de vuelta a la calma, esta maniobra garantizará la recuperación rápida de tus músculos, la reposición de glucógeno y la rehidratación nuevamente de tu cuerpo.</p>
<p><strong>Consideraciones para consumir geles Actimax y Bebida Deportiva Élite Actimax durante una media maratón:</strong></p>
<p><strong>1. Intensidad de la Carrera:</strong></p>
<p>Durante una media maratón, la intensidad suele ser mayor que en los entrenamientos regulares. Aunque tu dieta diaria pueda ser suficiente para entrenamientos, durante la carrera, tus músculos y sistema nervioso central demandarán energía de forma rápida y constante.</p>
<p>Consumir un gel Actimax cada 30 minutos te ayudará a mantener estables los niveles de glucosa en sangre, proporcionando energía rápida y retrasando la fatiga.</p>
<p><strong>2. Prevención de Fatiga:</strong></p>
<p>La fatiga es común en carreras de resistencia, especialmente si el esfuerzo es sostenido. Aportar carbohidratos de forma regular con los geles Actimax durante la carrera asegura que tengas una fuente constante de energía, reduciendo el riesgo de agotamiento prematuro.</p>
<p><strong>3. Reposición de Sodio:</strong></p>
<p>Aunque la pérdida de sodio puede variar entre personas, consumir 500 ml de Bebida Deportiva Élite Actimax por hora (tomando sorbos grandes cada 10 minutos) te ayudará a mantener el equilibrio electrolítico, especialmente si la carrera se realiza en condiciones calurosas o si sudas mucho.</p>
<p>Mantener el nivel adecuado de sodio ayuda a prevenir la deshidratación y los calambres musculares, mejorando la capacidad de rendimiento a lo largo de la carrera.</p>
<p><strong>4. Personalización:</strong></p>
<p>La cantidad de carbohidratos y sodio necesaria puede variar según tu metabolismo, nivel de esfuerzo, y condiciones climáticas. El Energy Pack Actimax para 21K te ayudarán a tener una excelente estrategia de nutrición que te aportará energía, hidratación y recuperación suficiente para corredores que tienen una base sólida de entrenamiento y una dieta equilibrada.</p>
<p><strong>Nutrientes y función en nuestros productos:</strong></p>
<ul> <li>Aporte de energía con carbohidratos especializados: Los productos Actimax están formulados con mezclas de carbohidratos de rápida y lenta absorción, lo que proporciona una liberación constante y eficiente de energía durante eventos prolongados. Esto es esencial para mantener el rendimiento y prevenir la fatiga.</li>
<li>Proteínas y electrolitos: Las barras de proteínas y las bebidas de recuperación contienen proteínas de alta calidad y electrolitos que ayudan en la reparación muscular y en la hidratación, algo que los alimentos sólidos típicos no ofrecen con la misma precisión.</li>
</ul>
<p><strong>Hidratación y Recuperación:</strong></p>
<ul> <li>Hidratación y Recuperación: Las bebidas deportivas de Actimax están formuladas para reemplazar los electrolitos perdidos y mantener la hidratación efectiva durante el ejercicio. Esto es crucial para evitar la deshidratación y mejorar la resistencia.</li>
<li>Recuperación Óptima: Los productos de recuperación de Actimax están diseñados para acelerar la recuperación post-evento, ayudando a la reparación muscular y la reposición de glucógeno más rápidamente que los alimentos sólidos tradicionales.</li>
</ul>
<p>Formulación para Rendimiento: Los productos Actimax están diseñados para ser digeridos rápidamente y proporcionan energía y nutrientes específicos en momentos críticos del evento (antes, durante y después), lo que optimiza el rendimiento y la recuperación</p>
<p>Aunque tu dieta diaria puede cubrir tus necesidades energéticas en entrenamientos, consumir 1 gel Actimax cada 30 minutos y 500 ml de Bebida Élite Actimax por hora durante la carrera puede ser beneficioso para mantener un rendimiento óptimo. Esta ingesta moderada te ayudará a mantener estables tus niveles de energía y electrolitos, previniendo la fatiga y permitiéndote sostener un buen ritmo durante toda la media maratón.</p>
<p>Para carreras y eventos de resistencia, los productos como Actimax ofrecen ventajas significativas en términos de eficiencia, formulación específica para el rendimiento y recuperación. Proporcionan la combinación adecuada de carbohidratos, proteínas, electrolitos y otros nutrientes clave en momentos críticos, lo que resulta en una mejor preparación y recuperación que simplemente depender de frutas, bocadillos y agua. Si bien estos alimentos pueden ser parte de una dieta equilibrada, los productos Actimax están diseñados para maximiza</p>",Actimax,Energy Packs,"kits, running",TRUE,Title,Default Title,,shopify,100,deny,manual,50000,55000,TRUE,TRUE,https://actimax.com.co/wp-content/uploads/2025/08/Energy-Pack-21K.webp,1,Energy Pack Media Maratón 21K,Energy Pack Media Maratón 21K — Actimax,"Este Energy Pack Media Maratón 21K ha sido diseñado por los expertos en nutrición deportiva de Actimax para que conquistes la meta con la hidratación, energía y",active
energy-pack-media-maraton-21k,,,,,,,,,,,,,,,,,,https://actimax.com.co/wp-content/uploads/2022/04/Energy-Pack-21K-Geles-energeeticos-Actimax.jpg,2,Energy Pack Media Maratón 21K,,,
energy-pack-media-maraton-21k,,,,,,,,,,,,,,,,,,https://actimax.com.co/wp-content/uploads/2025/08/Recomendaciones-de-uso-de-los-Energy-Packs-21K-Infografia.webp,3,Energy Pack Media Maratón 21K,,,
energy-pack-maraton-42k,Energy Pack Maratón 42K,"<p>Disfruta tu carrera de principio a fin con la mejor energía. Este Energy Pack <strong>Maratón 42K</strong> ha sido diseñado por los especialistas en nutrición deportiva de Actimax para correr los 42K con la hidratación, energía y recuperación que necesitas.</p>
<p>El Energy Pack 42K incluye:</p>
<ul> <li>1 Sobre de Pre Race</li>
<li>4 Geles de 30 gr</li>
<li>2 Energy Gel</li>
<li>1 Sobre de Recovery Pro</li>
</ul>
<h3>Recomendaciones de uso</h3>
<p><strong>Antes</strong>:</p>
<p>• Pre Race: consume 1 sobre de Pre Race Actimax en tu desayuno. Disuelve todo el contenido del sobre en 250 ml (una taza) de tu bebida preferida (agua, leche, yogurt, avena, café, jugo, etc).</p>
<p><strong>Durante</strong>:</p>
<ul> <li><strong>Geles</strong>: planifica el consumo de un gel de fruta Actimax en los siguientes kilómetros: Km 7 – Km 14 – Km 28 – Km 35 y un Energy Gel Actimax en los siguientes kilómetros: Km 21 – Km 30 y km 39, para así garantizar la reposición de energía rápida y de larga duración a tus músculos y conseguir tu PR en la maratón. (Nota: después de consumir cada gel toma un sorbo grande de agua o la bebida hidratante de la carrera).</li>
<li><strong>Hidratación</strong>: antes de salir de tu casa prepara Bebida Elite Actimax en 500 ml de agua y ve consumiendo pequeños sorbos durante el recorrido hacia el lugar de salida de la carrera y hasta finalizar el calentamiento, esta estrategia te ayudará a la pre-hidratación de tus músculos y al aumento de reservas de glucógeno muscular previos al inicio de la carrera. Para la carrera, te recomendamos utilizar la hidratación dispuesta por la organización y consumir un sorbo de 100 ml en cada punto de hidratación durante todo el recorrido (utiliza la hidratación en todos los puntos disponibles y consume preferiblemente las bebidas que contengan carbohidratos y electrolitos, el agua también puedes arrojártela encima para bajar la temperatura corporal y que tu cuerpo sea más eficiente).</li>
</ul>
<p><strong>Después</strong></p>
<p>Consume 1 sobre de Recovery Pro Actimax + 1 Bebida Elite disueltos en 500 ml de agua, y consúmelo cuando estés realizando el estiramiento y de vuelta a la calma. Después de la 1era hora de haber terminado la maratón, prepara nuevamente Bebida Elite en 500 ml de agua y consúmela lentamente con pequeños sorbos, esta maniobra garantizará la recuperación rápida de tus músculos, la reposición de glucógeno y la rehidratación nuevamente de tu cuerpo.</p>
<p><strong>Recomendaciones para el uso de geles Actimax y Bebida Deportiva Élite Actimax durante una maratón:</strong></p>
<p><strong>Intensidad de la Carrera:</strong></p>
<p>Durante una maratón, la exigencia física es considerablemente mayor que en entrenos normales. Aunque tu ingesta diaria pueda ser suficiente para las sesiones de entrenamiento, durante la maratón, tus músculos y sistema nervioso central demandarán energía rápida y sostenida.</p>
<p>Tomar un gel Actimax cada 30 minutos contribuirá a mantener estables los niveles de glucosa en sangre, proporcionando energía de forma rápida y ayudando a retrasar la aparición de la fatiga.</p>
<p><strong>Prevención de Fatiga:</strong></p>
<p>La fatiga es un desafío común en carreras de larga distancia, especialmente con un esfuerzo continuo. Aportar carbohidratos de forma regular con los geles Actimax durante la carrera asegura una fuente constante de energía, disminuyendo el riesgo de agotamiento.</p>
<p><strong>Reposición de Sodio:</strong></p>
<p>Aunque las necesidades de sodio varían según cada persona, consumir 500 ml de Bebida Deportiva Élite Actimax por hora (tomando sorbos cada 10 minutos) te ayudará a mantener el equilibrio electrolítico, principalmente si corres en climas con altas temperaturas.</p>
<p>Mantener niveles adecuados de sodio es clave para prevenir la deshidratación y los calambres musculares, optimizando el rendimiento a lo largo de toda la maratón.</p>
<p><strong>Personalización:</strong></p>
<p>Las necesidades de carbohidratos y sodio pueden variar según tu metabolismo, esfuerzo, y condiciones climáticas. El Energy Packs Actimax 42K está diseñado para ofrecer una estrategia nutricional que asegure energía, hidratación y recuperación adecuada para corredores experimentados con un entrenamiento sólido y una dieta equilibrada.</p>
<p><strong>Nutrientes y función en nuestros productos:</strong></p>
<p>Carbohidratos especializados para aporte de energía: Los productos Actimax combinan carbohidratos de rápida y lenta absorción, asegurando una liberación constante y eficiente de energía durante la carrera para mantener el rendimiento y evitar la fatiga.</p>
<p>Proteínas y Electrolitos: Las barras de proteínas y bebidas de recuperación tienen proteínas de alta calidad para la reparación muscular y electrolitos que favorecen la hidratación, algo que los alimentos sólidos convencionales no proporcionan con la misma precisión.</p>
<p><strong>Hidratación y Recuperación:</strong></p>
<p>Hidratación y Recuperación: Las bebidas deportivas Actimax están diseñadas para reponer los electrolitos que se pierden con el sudor y mantener una adecuada hidratación durante el ejercicio, esencial para prevenir la deshidratación y mejorar la resistencia.</p>
<p>Recuperación Óptima: Los productos de recuperación de Actimax están formulados para acelerar la recuperación post-carrera, facilitando la reparación muscular y la reposición de glucógeno de manera más eficiente.</p>",Actimax,Energy Packs,"kits, running",TRUE,Title,Default Title,,shopify,100,deny,manual,70000,83000,TRUE,TRUE,https://actimax.com.co/wp-content/uploads/2025/08/Energy-Pack-42K.webp,1,Energy Pack Maratón 42K,Energy Pack Maratón 42K — Actimax,Disfruta tu carrera de principio a fin con la mejor energía. Este Energy Pack Maratón 42K ha sido diseñado por los especialistas en nutrición deportiva de Actim,active
energy-pack-maraton-42k,,,,,,,,,,,,,,,,,,https://actimax.com.co/wp-content/uploads/2022/03/Energy-Pack-42K-Geles-energeeticos-Actimax.jpg,2,Energy Pack Maratón 42K,,,
energy-pack-maraton-42k,,,,,,,,,,,,,,,,,,https://actimax.com.co/wp-content/uploads/2025/08/Infografia-de-42K-Recomendaciones-de-uso-para-el-portal-web.webp,3,Energy Pack Maratón 42K,,,
gel-energetico-actimax-caja-x8-con-cafeina,Gel Energético – Caja x 8 geles con Cafeína,"<p>EL GEL ENERGÉTICO – ACTIMAX Te garantiza una combinación de nutrientes superior para cubrir tus necesidades de energía e hidratación DURANTE el entrenamiento y/o competencia.</p>
<h3>Recomendaciones de uso</h3>
<p>Dias Horas Minutos Segundos</p>
<strong>Descripción detallada del gel energético Actimax:</strong> <p>Geles con mezclas de carbohidratos simples y complejos de rápida absorción y liberación sostenida que te garantizaran la obtención de energía rápida e hidratación por largos períodos de tiempo.</p>
<p>son ideales para usar en deportes de largo aliento y resistencia de más de 2 horas de duración como: Ciclismo de fondo, ciclo montañismo, 1⁄2 maratón, maratón, ultra maratón, Trail de montaña, Triatlón de 1⁄2 y larga distancia, natación de aguas abiertas, etc.</p>
<p>Su excelente sabor a fruta 100% natural, su empaque ergonómico de 90 gr y su sistema de tapa te garantizarán la dosis precisa de energía cada vez que los consumas.</p>
<p>Usarlo es muy fácil, solo giras la tapa, consumes una porción (el gel contiene 3 porciones), tomas un sorbo de agua, y nuevamente lo tapas. Con su novedoso empaque no tendrás que volverte a preocupar porque se derrame y arruine tu ropa deportiva.</p>
<strong>Sabores del gel:</strong> <p>Fresa, manzana, mango</p>
<strong>Información nutricional del gel energético Actimax:</strong> <ul> <li>Carbohidratos (Glucosa + Fructosa): Manzana 30 gr / Fresa 28 gr / Mango 28 gr.</li>
<li>Sodio : Manzana 117 mg / Fresa 117 mg / Mango 121 mg.</li>
<li>Vitamina C: 103 mg.</li>
<li>Cafeina: 28,8 mg.</li>
<li>Inositol: 11,7 mg</li>
<li>Sin colorantes artificiales.</li>
<li>Vegan friendly.</li>
<li>Dairy free.</li>
<li>Gluten free.</li>
</ul>
Preguntas Frecuentes <p>¿En cuánto tiempo tengo el efecto energético del gel Actimax?</p>
<p>¡De inmediato! Los geles Actimax contienen glucosa que es energía inmediata y fructosa que es energía de larga duración, ósea que sentirás el efecto inmediato y por un largo periodo de tiempo.</p>
<p>Te recomendamos consumir 1 gel y ½ litro de bebida deportiva Actimax por cada hora de entrenamiento.</p>
<p>¿Los geles energéticos tiene azúcar?</p>
<p>Los Geles de Actimax tienen carbohidratos en forma de fructosa y glucosa que son la mejor fuente de energía rápida y de larga duración para aportar combustible a tus músculos por largos periodos de tiempo durante el entrenamiento y las carreras.</p>
<p>¿Cuándo debo tomar un gel energético?</p>
<p>Durante la actividad deportiva el cuerpo y tus músculos van consumiendo tus reservas de combustible y a mayor intensidad del ejercicio el gasto de combustible es mayor, por eso te recomendamos consumir un gel cada 30 minutos si estás compitiendo o estás realizando un entrenamiento de intensidad alta y un gel cada 45 a 60 minutos si estás entrenando.</p>
<p>¿Tengo que comer todo el gel energético a la vez?</p>
<p>Para geles de 90 gr (3 porciones) lo ideal es destapar el gel Actimax y consumir una porcion (dividirlo en 3 tomas), mantenerlo en la boca y consumirlo despacio, saboreándolo despacio hasta ingerirlo completamente y luego un buen sorbo de agua para obtener sus máximos beneficios de entrega de energía inmediata</p>
<p>¿Los niños pueden consumir los geles Actimax?</p>
<p>Los deportistas de cualquier edad y sexo que realicen una actividad física que requiera energía inmediata y de larga duración pueden usar los geles Actimax con seguridad.</p>
<p>Solo recomendamos no utilizar las referencias con cafeína en menores de 14 años, mujeres en embarazo y personas sensibles a la cafeína. Recuerda que tenemos referencias con cafeína y sin cafeína.</p>
<p>¿Soy vegano, puedo consumir los geles energéticos Actimax?</p>
<p>Todos nuestros geles Actimax a excepción de la referencia de fresa – cafeína son aptos para veganos, son libres de gluten y libres de lácteos.</p>
<p>¿Puedo consumir el gel Actimax con las bebidas deportivas Actimax?</p>
<p>Para entrenamientos de más de 90 min es ideal utilizar los geles y las bebidas en combinación para que tus músculos obtengan la cantidad adecuada de combustible, electrolitos y líquidos que necesitas para esos esfuerzos prolongados y conseguir un mejor rendimiento.</p>
<p>Te recomendamos consumir 1 gel y ½ litro de bebida deportiva Actimax por cada hora de entrenamiento.</p>",Actimax,Geles energéticos,"geles, durante, ciclismo, gym, natacion, running, triatlon",TRUE,Title,Default Title,,shopify,100,deny,manual,110000,,TRUE,TRUE,https://actimax.com.co/wp-content/uploads/2021/12/gel-energetico-actimax-con-cafeina-90.png,1,Gel Energético – Caja x 8 geles con Cafeína,Gel Energético – Caja x 8 geles con Cafeína — Actimax,EL GEL ENERGÉTICO – ACTIMAX Te garantiza una combinación de nutrientes superior para cubrir tus necesidades de energía e hidratación DURANTE el entrenamiento y/,active
gel-energetico-actimax-caja-x8-con-cafeina,,,,,,,,,,,,,,,,,,https://actimax.com.co/wp-content/uploads/2021/12/1-gel_energetico_con_cafeina_90gr_2.jpg,2,Gel Energético – Caja x 8 geles con Cafeína,,,
gel-energetico-actimax-caja-x8-con-cafeina,,,,,,,,,,,,,,,,,,https://actimax.com.co/wp-content/uploads/2021/12/3-gel_energetico_con_cafeina_90gr_4.jpg,3,Gel Energético – Caja x 8 geles con Cafeína,,,
gel-energetico-actimax-caja-x8-con-cafeina,,,,,,,,,,,,,,,,,,https://actimax.com.co/wp-content/uploads/2021/12/2-gel_energetico_con_cafeina_90gr_3.jpg,4,Gel Energético – Caja x 8 geles con Cafeína,,,
gel-energetico-actimax-caja-x8-con-cafeina,,,,,,,,,,,,,,,,,,https://actimax.com.co/wp-content/uploads/2021/12/gel-energetico-90-g-mango-cafeina-tabla-nutricional.jpg,5,Gel Energético – Caja x 8 geles con Cafeína,,,
gel-energetico-actimax-caja-x8-con-cafeina,,,,,,,,,,,,,,,,,,https://actimax.com.co/wp-content/uploads/2021/12/gel-energetico-90-g-manzana-verde-cafeina-tabla-nutricional.jpg,6,Gel Energético – Caja x 8 geles con Cafeína,,,
gel-energetico-actimax-caja-x8-con-cafeina,,,,,,,,,,,,,,,,,,https://actimax.com.co/wp-content/uploads/2021/12/gel-energetico-90-g-fresa-cafeina-tabla-nutricional.jpg,7,Gel Energético – Caja x 8 geles con Cafeína,,,
gel-energetico-sachets-x24-sin-cafeina,Gel Energético – Caja x 24 sachets sin Cafeína,"<p>El Gel Energético – Actimax te garantiza una combinación de nutrientes superior para cubrir tus necesidades de energía e hidratación durante el entrenamiento y/o competencia.</p>
<h3>Recomendaciones de uso</h3>
<p>Dias Horas Minutos Segundos</p>
Descripción detallada del gel energético Actimax: <p>Geles con mezclas de carbohidratos simples y complejos de rápida absorción y liberación sostenida que te garantizaran la obtención de energía rápida e hidratación por largos períodos de tiempo.</p>
<p>Son ideales para usar en deportes de largo aliento y resistencia de más de 2 horas de duración como: Ciclismo de fondo, ciclo montañismo, 1⁄2 maratón, maratón, ultra maratón, Trail de montaña, Triatlón de 1⁄2 y larga distancia, natación de aguas abiertas, etc.</p>
<p>Su excelente sabor a fruta 100% natural, su empaque ergonómico de 30 gr te garantizarán la dosis precisa de energía cada vez que los consumas.</p>
<p>Usarlo es muy fácil, solo rompes el sachet por la guía de corte, consumes la totalidad del gel y tomas un sorbo de agua.</p>
Sabor del gel: <p>Fresa banano.</p>
Información nutricional del gel energético Actimax: <ul> <li>Carbohidratos (Glucosa + Fructosa): fresa banano 9,6 gr.</li>
<li>Sodio : 39 mg</li>
<li>Vitamina C: 34 mg.</li>
<li>Inositol: 4,6 mg.</li>
<li>Sin colorantes artificiales.</li>
<li>Vegan friendly.</li>
<li>Dairy free.</li>
<li>Gluten free.</li>
</ul>
Preguntas Frecuentes <p>¿En cuánto tiempo tengo el efecto energético del gel Actimax?</p>
<p>¡De inmediato! Los geles Actimax contienen glucosa que es energía inmediata y fructosa que es energía de larga duración, ósea que sentirás el efecto inmediato y por un largo periodo de tiempo.</p>
<p>¿Los geles energéticos tiene azúcar?</p>
<p>Los Geles de Actimax tienen carbohidratos en forma de fructosa y glucosa que son la mejor fuente de energía rápida y de larga duración para aportar combustible a tus músculos por largos periodos de tiempo durante el entrenamiento y las carreras.</p>
<p>¿Cuándo debo tomar un gel energético?</p>
<p>Durante la actividad deportiva el cuerpo y tus músculos van consumiendo tus reservas de combustible y a mayor intensidad del ejercicio el gasto de combustible es mayor, por eso te recomendamos consumir un gel cada 30 minutos si estás compitiendo o estás realizando un entrenamiento de intensidad alta y un gel cada 45 a 60 minutos si estás entrenando.</p>
<p>¿Tengo que comer todo el gel energético a la vez?</p>
<p>Para geles de 30 gr lo ideal es destapar el gel Actimax y consumir todo su contenido, mantenerlo en la boca y consumirlo despacio, saboreándolo despacio hasta ingerirlo completamente y luego un buen sorbo de agua para obtener sus máximos beneficios de entrega de energía inmediata.</p>
<p>¿Los niños pueden consumir los geles Actimax?</p>
<p>Los deportistas de cualquier edad y sexo que realicen una actividad física que requiera energía inmediata y de larga duración pueden usar los geles Actimax con seguridad.</p>
<p>Solo recomendamos no utilizar las referencias con cafeína en menores de 14 años, mujeres en embarazo y personas sensibles a la cafeína. Recuerda que tenemos referencias con cafeína y sin cafeína.</p>
<p>¿Soy vegano, puedo consumir los geles energéticos Actimax?</p>
<p>Todos nuestros geles Actimax a excepción de la referencia de fresa – cafeína son aptos para veganos, son libres de gluten y libres de lácteos.</p>
<p>¿Puedo consumir el gel Actimax con las bebidas deportivas Actimax?</p>
<p>Para entrenamientos de más de 90 min es ideal utilizar los geles y las bebidas en combinación para que tus músculos obtengan la cantidad adecuada de combustible, electrolitos y líquidos que necesitas para esos esfuerzos prolongados y conseguir un mejor rendimiento.</p>
<p>Te recomendamos consumir 1 gel y ½ litro de bebida deportiva Actimax por cada hora de entrenamiento.</p>",Actimax,Geles energéticos,"geles, durante, ciclismo, gym, natacion, running, triatlon",TRUE,Title,Default Title,,shopify,100,deny,manual,150000,,TRUE,TRUE,https://actimax.com.co/wp-content/uploads/2021/12/gel-energetico-actimax-sin-cafeina.png,1,Gel Energético – Caja x 24 sachets sin Cafeína,Gel Energético – Caja x 24 sachets sin Cafeína — Actimax,El Gel Energético – Actimax te garantiza una combinación de nutrientes superior para cubrir tus necesidades de energía e hidratación durante el entrenamiento y/,active
gel-energetico-sachets-x24-sin-cafeina,,,,,,,,,,,,,,,,,,https://actimax.com.co/wp-content/uploads/2021/12/1-gel_energetico_sin_cafeina_30_gr-.jpg,2,Gel Energético – Caja x 24 sachets sin Cafeína,,,
gel-energetico-sachets-x24-sin-cafeina,,,,,,,,,,,,,,,,,,https://actimax.com.co/wp-content/uploads/2021/12/2-gel_energetico_sin_cafeina_30_gr-2.jpg,3,Gel Energético – Caja x 24 sachets sin Cafeína,,,
gel-energetico-sachets-x24-sin-cafeina,,,,,,,,,,,,,,,,,,https://actimax.com.co/wp-content/uploads/2021/12/3-gel_energetico_sin_cafeina_30_gr-3.jpg,4,Gel Energético – Caja x 24 sachets sin Cafeína,,,
gel-energetico-sachets-x24-sin-cafeina,,,,,,,,,,,,,,,,,,https://actimax.com.co/wp-content/uploads/2021/12/gel-energetico-30-g-fresa-banano-sin-cafeina-tabla-nutricional.jpg,5,Gel Energético – Caja x 24 sachets sin Cafeína,,,
energy-pack-actimax-para-triatlon-media-distancia,Energy Pack Actimax para Triatlón Media Distancia,"<p>Cruza la línea de meta con toda la energía, hidratación y recuperación que mereces. Este kit ha sido diseñado por especialistas en nutrición deportiva para tu reto.</p>
<p>El kit incluye:</p>
<ul> <li>1 Sobre de Pre Race</li>
<li>4 Sobres de Bebida Élite</li>
<li>8 Geles de 30 gr</li>
<li>2 Energy Gel</li>
<li>1 Sobre de Recovery Pro</li>
</ul>
<h3>Recomendaciones de uso</h3>
<strong>Te recomendamos usar el Energy Pack de Triatlón Media Distancia de la siguiente manera:</strong> <b>Antes de salir:</b> <ul> <li>Consume la bebida Pre Race en el desayuno para cargar energía en tus músculos.</li>
<li>1 Sobre de Bebida Élite en 500 ml de agua como hidratación antes de la carrera</li>
</ul>
<strong>Para iniciar el calentamiento de natación:</strong> <ul> <li>1 Energy Gel más 80 ml de agua</li>
</ul>
<p><strong>Ciclismo:</strong></p>
<ul> <li>4 Geles energéticos de fruta: después de la primera hora, consume un gel cada 30 minutos más sorbos de agua para una absorción más rápida y efectiva.</li>
<li>2 Sobres de Bebida Élite. Mezcla cada sobre en 500 ml de agua para reponer electrolitos durante el recorrido y mantenerte bien hidratado.</li>
</ul>
<p><strong>Atletismo:</strong></p>
<ul> <li>4 Geles energéticos: te recomendamos consumir uno cada 30 minutos con sorbos de agua</li>
</ul>
<b>Después de la carrera:</b> <ul> <li>1 Sobre de Recovery Pro: consume la bebida en los primeros 30 minutos después de finalizar la carrera para asegurar una recuperación más rápida y efectiva.</li>
<li>1 Sobre de Bebida Élite en 500 ml de agua para rehidratar (después de consumir el Recovery Pro)</li>
</ul>",Actimax,Energy Packs,"kits, natacion, triatlon",TRUE,Title,Default Title,,shopify,100,deny,manual,125000,147000,TRUE,TRUE,https://actimax.com.co/wp-content/uploads/2025/09/Energy-Pack-triatlon-media-distancia-Actimax.webp,1,Energy Pack Actimax para Triatlón Media Distancia,Energy Pack Actimax para Triatlón Media Distancia — Actimax,"Cruza la línea de meta con toda la energía, hidratación y recuperación que mereces. Este kit ha sido diseñado por especialistas en nutrición deportiva para tu r",active
kit-de-nutricion-alto-de-letras,Kit de nutrición Alto de Letras,"<p>Prepárate con el pack que te dará la energía que necesitas para alcanzar cualquier objetivo, mejorar el rendimiento y encontrar tu mejor versión.</p>
<ul> <li>1 Sobre de Pre Race</li>
<li> 6 Sobres de Bebida Deportiva Élite</li>
<li>5 Geles Energéticos de 30 g</li>
<li>3 Energy Gel</li>
<li>1 Sobre de Recovery Pro</li>
</ul>
<h3>Recomendaciones de uso</h3>
<p>¡Asegura una buena hidratación y nutrición para conquistar el Alto de Letras! Este kit ha sido diseñado por especialistas para que logres tu objetivo con toda la energía, hidratación y la mejor recuperación.</p>
<p><strong>El kit consta de:</strong></p>
<ul> <li>1 Sobre de Pre Race</li>
<li> 6 Sobres de Bebida Deportiva Élite</li>
<li>5 Geles Energéticos de 30 g</li>
<li>3 Energy Gel</li>
<li>1 Sobre de Recovery Pro</li>
</ul>
<p>Lee nuestro artículo completo sobre los tips de nutrición que debes tener en cuenta para subir el Alto de Letras ​</p>",Actimax,Energy Packs,"kits, ciclismo",TRUE,Title,Default Title,,shopify,100,deny,manual,120000,144000,TRUE,TRUE,https://actimax.com.co/wp-content/uploads/2025/09/Kit-de-Letras-Actimax-Kit-de-nutricion-ciclismo.webp,1,Kit de nutrición Alto de Letras,Kit de nutrición Alto de Letras — Actimax,"Prepárate con el pack que te dará la energía que necesitas para alcanzar cualquier objetivo, mejorar el rendimiento y encontrar tu mejor versión. 1 Sobre de Pre",active
pre-race-en-tarro-400gr,Bebida Pre Race – Tarro de 500 gr,"<p>PRE RACE – ACTIMAX es una bebida utilizada por los atletas de todas las modalidades deportivas para recargar sus músculos de forma rápida con el mejor combustible ANTES de entrenar o competir.</p>
<h3>Recomendaciones de uso</h3>
<strong>Descripción detallada de la Bebida Pre Race:</strong> <p>Pre Race Actimax está diseñada para ser utilizada hasta 15 minutos antes de entrenar o competir. Pre Race Actimax se prepara muy fácil: agrega 2 y 1/2 cucharadas (36 gr) de Pre Race Actimax a 250 ml de la bebida que prefieras, puede ser agua, leche, yogurt, café, jugo, etc., mézclalos y obtendrás una deliciosa bebida.</p>
<p>Su especial mezcla de nutrientes tiene como objetivo entregar energía inmediata al músculo (carga de glucógeno muscular), mejorar la vasodilatación, dar saciedad y evitar el gasto muscular (catabolismo) aumentando las sensaciones y ganas de entrenar o competir.</p>
<strong>Sabores de Pre Race:</strong> <p>Fresa, vainilla y caramelo.</p>
<strong>Información nutricional de la Bebida Pre Race:</strong> <ul> <li>25 gr de carbohidratos (Maltodextrina y Dextrosa).</li>
<li>6,2 gr de Proteína (con una especial mezcla de proteínas : Whey Protein hidrolizado, proteina aislada Soya y Caseína aislada)</li>
<li>85 mg de Sodio.</li>
<li>475 mg de Calcio.</li>
<li>12 mg de Magnesio.</li>
<li>2,2 mg de Zinc.</li>
<li>1,2 gr de fibra.</li>
<li>22 mg de Vitmina C</li>
<li>Vitaminas del complejo B1, B3, B6, B9, B12.</li>
<li>Preservative free.</li>
</ul>
Preguntas Frecuentes <p>¿Cuántas porciones trae Pre Race?<br> El tarro trae 500 gr y rinde para 13 vasos de 250 ml<br> ¿Qué es Pre Race Actimax?</p>
<p>Pre Race Actimax es un alimento deportivo que contiene nutrientes específicos de rápida absorción y asimilación que tiene como objetivo entregar energía de forma rápida para aumentar las reservas energéticas de los músculos antes de iniciar una actividad deportiva.</p>
<p>¿Cuándo debo usar Pre Race Actimax?</p>
<p>Se recomienda utilizar Pre Race Actimax 30 minutos antes de iniciar una actividad deportiva. Es ideal para esos entrenamientos en las madrugadas en donde es complicado ingerir alimentos sólidos o cuando terminamos nuestra jornada laboral y salimos directamente a nuestro sitio de entrenamiento.</p>
<p>¿Cómo se prepara Pre Race Actimax?</p>
<p>Prepararlo muy fácil, agregar una porción (3 cucharas o un sobre de pre Race Actimax) en agua o en tu bebida preferida: leche, yogurt, jugo, avena o café, mezclar adecuadamente y en cuestión de segundos tendrás lista una bebida pre entrenamiento que te aporta energía inmediata aumentando las sensaciones y ganas de entrenar.</p>
<p>¿Pre Race Actimax contiene cafeína?</p>
<p>No, pero si quieres tener esa chispa adicional de alerta y concentración que aporta la cafeína te recomendamos mezclar pre Race Actimax en una deliciosa taza de café caliente.</p>
<p>¿Los niños pueden consumir Ore Race Actimax?</p>
<p>Todos los deportistas de cualquier edad y sexo que realicen una actividad física que requiera repletar las reservas de energía en el músculo antes de iniciar la actividad física pueden usar Pre Race Actimax con seguridad.</p>
<p>¿Si tomo Pre Race Actimax antes de entrenar lo puedo mezclar con otro alimento?</p>
<p>Claro que sí, lo puedes mezclar en tus cereales preferidos, con frutas, con galletas, con un pan, etc.</p>
<p>¿Pre Race Actimax puede reemplazar el desayuno, almuerzo o comida?</p>
<p>Pre Race Actimax no debe reemplaza ninguna de tus comidas principales, Pre Race Actimax es un alimento deportivo ideal antes para usar antes de entrenar que aporta nutrientes muy específicos que son utilizados por el cuerpo durante la actividad física y te ayudarán a obtener la energía que tu cuerpo necesita para iniciar la actividad física. te recomendamos consumir normalmente tus comidas principales y consumir Pre Race Actimax solo antes de iniciar la actividad física.</p>
<p>¿Qué pasa si tomo Pre Race pero no realizo la actividad física?</p>
<p>Pre Race aporta energía que es utilizada por el cuerpo en los diferentes órganos (cerbero, sistema respiratorio, sistema circulatorio, etc) y también ese combustible se utiliza en los músculos.<br> En todo momento (reposo o actividad) todos esos órganos y músculos necesitan combustible. Ósea que si no haces actividad física el combustible de Pre race se usará para mantener todo tu cuerpo funcionando con la mejor energía</p>",Actimax,Bebidas deportivas,"bebidas, antes, ciclismo, futbol, gym, natacion, running, triatlon",TRUE,Title,Default Title,,shopify,100,deny,manual,102000,,TRUE,TRUE,https://actimax.com.co/wp-content/uploads/2021/11/Pre-Race-en-Tarro-400gr.png,1,Bebida Pre Race – Tarro de 500 gr,Bebida Pre Race – Tarro de 500 gr — Actimax,PRE RACE – ACTIMAX es una bebida utilizada por los atletas de todas las modalidades deportivas para recargar sus músculos de forma rápida con el mejor combustib,active
pre-race-en-tarro-400gr,,,,,,,,,,,,,,,,,,https://actimax.com.co/wp-content/uploads/2021/11/1-pre_race_actimax_tarro_.jpg,2,Bebida Pre Race – Tarro de 500 gr,,,
pre-race-en-tarro-400gr,,,,,,,,,,,,,,,,,,https://actimax.com.co/wp-content/uploads/2023/09/Pre-Race.jpg,3,Bebida Pre Race – Tarro de 500 gr,,,
recovery-pro-caja-x12,Bebida de Recuperación Recovery Pro – Caja x 12 sobres,"<p>BEBIDA DE RECUPERACIÓN RECOVERY PRO – ACTIMAX está desarrollada para atletas de alto rendimiento que necesitan una combinación proteica SUPERIOR, mejorar el sistema inmunológico, recarga de glucógeno los músculos, rehidratar el cuerpo y acelerar el proceso de recuperación muscular DESPUÉS de la actividad física.</p>
<h3>Recomendaciones de uso</h3>
<strong>Descripción detallada de la Bebida Recovery Pro:</strong> <p>Recovery Pro Tarro Actimax está desarrollada para atletas de alto rendimiento que necesitan una combinación proteica SUPERIOR, para mejorar el sistema inmunológico, recargar de glucógeno los músculos, rehidratar el cuerpo y acelerar el proceso de recuperación muscular (reparar las fibras musculares rotas y reclutar nuevas fibras musculares) DESPUÉS de la actividad física.</p>
<p>Recovery Pro Actimax es una bebida 100% saludable que previene la depleción muscular, derivada de dietas bajas en calorías o de mucho ejercicio físico y es la preferida de los atletas de alto rendimiento que buscan una bebida con proteínas de aporte sostenido y mejora óptima de los niveles de síntesis de proteína para mayor recuperación muscular, tonificación y ganancia de nuevas fibras musculares que dan como resultado: mas fuerza, mas resistencia y mas velocidad.</p>
<p>Su consistente mezcla de Proteínas de alto valor biológico proporcionan una liberación sostenida de aminoácidos con un efecto de goteo que dura hasta 5 horas para asegurar que tu cuerpo obtenga los nutrientes necesarios para una reparación más rápida y efectiva de las fibras musculares que se rompen con el entrenamiento y la competencia.</p>
<p>El Recovery Pro Actimax es recomendado para todos los deportistas que realicen actividad física intensa. RECOVERY PRO Actimax es muy fácil de preparar, solo hay que añadir 1 sachet – 37 gr en 250 ml de agua o tu bebida preferida, agitar (preferiblemente en un shaker para conseguir la máxima dilución) y consumir inmediatamente después de finalizado el entrenamiento o la competencia.</p>
<p>El proceso de recuperación muscular consigue su mayor efectividad cuando se consume el RECOVERY PRO Actimax en los primeros 30 a 40 minutos después de finalizar la actividad física, por tal motivo te recomendamos planificar el consumo de RECOVERY PRO Actimax en tus entrenamientos y competencias para que puedas usar el producto en el momento indicado y obtener su máximo beneficio.</p>
<strong>Sabores de Recovery Pro:</strong> <p>Vainilla y fresa</p>
<strong>Información nutricional de la Bebida Recovery Pro:</strong> <ul> <li>24 gramos de PROTEÍNA de alto valor biológico (con una exclusiva mezcla de 4 tipos de proteínas: Whey Protein Hidrolizado, albúmina de huevo, soya aislada y caseína aislada).</li>
<li>9 gr de carbohidratos (maltodextrina).</li>
<li>181 mg de sodio.</li>
<li>246 mg de Calcio.</li>
<li>18 mg de Magnesio.</li>
<li>0,30 mg de Zinc.</li>
<li>991 mg de Arginina.</li>
<li>1.940 mg de Leucina.</li>
<li>4.041 mg de Glutamina.</li>
<li>6.275 mg de Aminoácidos Esenciales.</li>
<li>4.417 mg de Aminoácidos de cadena ramificada (BCAA).</li>
<li>51 mg de vitamina C.</li>
<li>Vitamina D y B12.</li>
<li>Sin conservantes.</li>
<li>Sin colorantes artificiales.</li>
</ul>
Preguntas Frecuentes <p>¿A quiénes va dirigida la bebida de recuperación Recovery Pro Actimax?</p>
<p>Recovery Pro Actimax es recomendada para atletas de alto rendimiento aficionados o profesionales que realicen actividades físicas superiores a 90 minutos por sesión y que necesitan una combinación nutricional proteica superior.</p>
<p>¿Cuándo tomar la bebida de recuperación Recovery Pro Actimax?</p>
<p>Después de la actividad física, debe consumirse en los primeros 30 a 40 minutos de haber finalizado la actividad deportiva, es recomendable planificar bien su consumo para obtener su máximo beneficio.</p>
<p>¿Cómo preparar la bebida de recuperación Recovery Pro Actimax?</p>
<p>En 250 ml de agua solo hay que añadir 1 sobre completo de Recovery Pro Actimax y agítala muy bien, debe ser consumida de forma inmediata para obtener mejores resultados.</p>
<p>¿Qué beneficios me aporta la bebida de recuperación Recovery Pro Actimax?</p>
<p>Recovery Pro Actimax es una bebida 100% saludable que aceleran el proceso de recuperación muscular, mejora el sistema inmunológico, rehidrata el cuerpo.</p>",Actimax,Bebidas deportivas,"bebidas, despues, ciclismo, futbol, gym, natacion, running, triatlon",TRUE,Title,Default Title,,shopify,100,deny,manual,158000,,TRUE,TRUE,https://actimax.com.co/wp-content/uploads/2025/08/Recovery-Pro-Caja-x12-600x600-1.webp,1,Bebida de Recuperación Recovery Pro – Caja x 12 sobres,Bebida de Recuperación Recovery Pro – Caja x 12 sobres — Actimax,"BEBIDA DE RECUPERACIÓN RECOVERY PRO – ACTIMAX está desarrollada para atletas de alto rendimiento que necesitan una combinación proteica SUPERIOR, mejorar el sis",active
recovery-pro-caja-x12,,,,,,,,,,,,,,,,,,https://actimax.com.co/wp-content/uploads/2021/11/recovery_pro_actimax_caja_1.jpg,2,Bebida de Recuperación Recovery Pro – Caja x 12 sobres,,,
recovery-pro-caja-x12,,,,,,,,,,,,,,,,,,https://actimax.com.co/wp-content/uploads/2021/11/recovery_pro_actimax_caja_2.jpg,3,Bebida de Recuperación Recovery Pro – Caja x 12 sobres,,,
recovery-pro-caja-x12,,,,,,,,,,,,,,,,,,https://actimax.com.co/wp-content/uploads/2023/09/Recovery-Pro-Sachet.jpg,4,Bebida de Recuperación Recovery Pro – Caja x 12 sobres,,,
recovery-pro-tarro-400gr,Bebida de Recuperación Recovery Pro – Tarro de 400 gr,"<p>RECOVERY PRO TARRO – ACTIMAX Está desarrollada para atletas de alto rendimiento que necesitan una combinación proteica SUPERIOR, mejorar el sistema inmunológico, recarga de glucógeno los músculos, rehidratar el cuerpo y acelerar el proceso de recuperación muscular DESPUÉS de la actividad física.</p>
<h3>Recomendaciones de uso</h3>
<strong>Descripción detallada de la Bebida Recovery Pro:</strong> <p>Recovery Pro Tarro Actimax está desarrollada para atletas de alto rendimiento que necesitan una combinación proteica SUPERIOR, para mejorar el sistema inmunológico, recargar de glucógeno los músculos, rehidratar el cuerpo y acelerar el proceso de recuperación muscular (reparar las fibras musculares rotas y reclutar nuevas fibras musculares) DESPUÉS de la actividad física.</p>
<p>Recovery Pro Actimax es una bebida 100% saludable que previene la depleción muscular, derivada de dietas bajas en calorías o de mucho ejercicio físico y es la preferida de los atletas de alto rendimiento que buscan una bebida con proteínas de aporte sostenido y mejora óptima de los niveles de síntesis de proteína para mayor recuperación muscular, tonificación y ganancia de nuevas fibras musculares que dan como resultado: más fuerza, más resistencia y más velocidad.</p>
<p>Su consistente mezcla de proteínas de alto valor biológico proporcionan una liberación sostenida de aminoácidos con un efecto de goteo que dura hasta 5 horas para asegurar que tu cuerpo obtenga los nutrientes necesarios para una reparación más rápida y efectiva de las fibras musculares que se rompen con el entrenamiento y la competencia.</p>
<p>El Recovery Pro Actimax es recomendado para todos los deportistas que realicen actividad física intensa. RECOVERY PRO Actimax es muy fácil de preparar, solo hay que añadir 2 cucharadas – 37 gr (cuchara dosificadora incluida en el interior del tarro) en 250 ml de agua o tu bebida preferida, agitar (preferiblemente en un Shaker para conseguir la máxima dilución) y consumir inmediatamente después de finalizado el entrenamiento o la competencia.</p>
<p>El proceso de recuperación muscular consigue su mayor efectividad cuando se consume el RECOVERY PRO Actimax en los primeros 30 a 40 minutos después de finalizar la actividad física, por tal motivo te recomendamos planificar el consumo de RECOVERY PRO Actimax en tus entrenamientos y competencias para que puedas usar el producto en el momento indicado y obtener su máximo beneficio.</p>
<strong>Sabores de Recovery Pro:</strong> <p>Vainilla y fresa</p>
<strong>Información nutricional de la Bebida Recovery Pro:</strong> <ul> <li>24 gramos de PROTEÍNA de alto valor biológico (con una exclusiva mezcla de 4 tipos de proteínas: Whey Protein Hidrolizado, albúmina de huevo, soya aislada y caseína aislada).</li>
<li>8,3 gr de carbohidratos (maltodextrina).</li>
<li>181 mg de sodio.</li>
<li>246 mg de Calcio.</li>
<li>18 mg de Magnesio.</li>
<li>0,30 mg de Zinc.</li>
<li>991 mg de Arginina.</li>
<li>1.940 mg de Leucina.</li>
<li>4,041 mg de Glutamina.</li>
<li>6,275 mg de Aminoácidos Esenciales.</li>
<li>4.417 mg de Aminoácidos de cadena ramificada (BCAA).</li>
<li>51 mg de vitamina C.</li>
<li>Vitamina D y B12.</li>
<li>Sin conservantes.</li>
<li>Sin colorantes artificiales.</li>
</ul>
Preguntas Frecuentes <p>¿Cuántas porciones trae Recovery Pro?<br> El tarro trae 400 gr y rinde para 12 vasos de 250 ml<br> ¿A quienes va dirigida la bebida de recuperación Recovery Pro Actimax?</p>
<p>Recovery Pro Actimax es recomendada para atletas de alto rendimiento que realicen actividades físicas superiores a 90 minutos por sesión y que necesitan una combinación nutricional proteica superior.</p>
<p>¿Cuándo tomar la bebida de recuperación Recovery Pro Actimax?</p>
<p>Después de la actividad física, debe consumirse en los primeros 30 a 40 minutos de haber finalizado la actividad deportiva, es recomendable planificar bien su consumo y ser usado en el momento ideal para obtener una mayor efectividad.</p>
<p>¿Cómo preparar la bebida de recuperación Recovery Pro Actimax?</p>
<p>En 250 ml de agua agrega dos medidas (cucharita dosificadora incluida en el interior del tarro) de Recovery Pro Actimax y agítala muy bien, debe ser consumida de forma inmediata para obtener mejores resultados.</p>
<p>¿Qué beneficios me aporta la bebida de recuperación Recovery Pro Actimax?</p>
<p>Recovery Pro Actimax es una bebida 100% saludable que aceleran el proceso de recuperación muscular, mejora el sistema inmunológico, rehidrata el cuerpo y proporciona una ganancia de fibra y masa muscular.</p>
<p>¿Cuáles son los beneficios de las proteínas?</p>
<p>Las proteinas previenen el daño de la masa muscular y proporcionan energía a los músculos aumentando la resistencia durante el entrenamiento al tiempo que colaboran con su construcción, reparación y mantenimiento.</p>
<p>¿Cómo ayuda la Vitamina C?</p>
<p>La vitamina C puede generar un gran efecto sobre el estrés oxidativo, la inflamación, el dolor muscular y la fuerza después del ejercicio agudo.</p>
<p>¿Los veganos pueden tomar Recovery Pro Actimax?</p>
<p>NO, recovery pro no es apta para veganos.</p>",Actimax,Bebidas deportivas,"bebidas, despues, ciclismo, futbol, gym, natacion, running, triatlon",TRUE,Title,Default Title,,shopify,100,deny,manual,113000,,TRUE,TRUE,https://actimax.com.co/wp-content/uploads/2021/11/Recovery-Pro-Tarro-400gr.png,1,Bebida de Recuperación Recovery Pro – Tarro de 400 gr,Bebida de Recuperación Recovery Pro – Tarro de 400 gr — Actimax,"RECOVERY PRO TARRO – ACTIMAX Está desarrollada para atletas de alto rendimiento que necesitan una combinación proteica SUPERIOR, mejorar el sistema inmunológico",active
recovery-pro-tarro-400gr,,,,,,,,,,,,,,,,,,https://actimax.com.co/wp-content/uploads/2021/11/1-recovery_pro_tarro_1.jpg,2,Bebida de Recuperación Recovery Pro – Tarro de 400 gr,,,
recovery-pro-tarro-400gr,,,,,,,,,,,,,,,,,,https://actimax.com.co/wp-content/uploads/2021/11/2-recovery_pro_tarro_2.jpg,3,Bebida de Recuperación Recovery Pro – Tarro de 400 gr,,,
recovery-pro-tarro-400gr,,,,,,,,,,,,,,,,,,https://actimax.com.co/wp-content/uploads/2023/09/Recovery-Pro-Tarro-final.jpg,4,Bebida de Recuperación Recovery Pro – Tarro de 400 gr,,,
gel-energetico-actimax-caja-x8,Gel Energético – Caja x 8 geles sin cafeína,"<p>EL GEL ENERGÉTICO – ACTIMAX Te garantiza una combinación de nutrientes superior para cubrir tus necesidades de energía e hidratación DURANTE el entrenamiento y/o competencia.</p>
<h3>Recomendaciones de uso</h3>
<ul> <li>00Días</li>
<li>00Horas</li>
<li>00Minutos</li>
<li>00Segundos</li>
</ul>
<strong>Descripción detallada del gel energético Actimax:</strong> <p>Geles con mezclas de carbohidratos simples y complejos de rápida absorción y liberación sostenida que te garantizaran la obtención de energía rápida e hidratación por largos períodos de tiempo.</p>
<p>son ideales para usar en deportes de largo aliento y resistencia de más de 2 horas de duración como: Ciclismo de fondo, ciclo montañismo, 1⁄2 maratón, maratón, ultra maratón, Trail de montaña, Triatlón de 1⁄2 y larga distancia, natación de aguas abiertas, etc.</p>
<p>Su excelente sabor a fruta 100% natural, su empaque ergonómico de 90 gr y su sistema de tapa te garantizarán la dosis precisa de energía cada vez que los consumas.</p>
<p>Usarlo es muy fácil, solo giras la tapa, consumes una porción (el gel contiene 3 porciones), tomas un sorbo de agua, y nuevamente lo tapas. Con su novedoso empaque no tendrás que volverte a preocupar porque se derrame y arruine tu ropa deportiva.</p>
<strong>Sabor del gel:</strong> <p>Fresa banano</p>
<strong>Información nutricional del gel energético Actimax:</strong> <ul> <li>Carbohidratos (Glucosa + Fructosa): fresa banano 29 gr.</li>
<li>Sodio: 117 mg.</li>
<li>Vitamina C: 103 mg.</li>
<li>Inositol: 11,7 mg.</li>
<li>Sin colorantes artificiales.</li>
<li>Vegan friendly.</li>
<li>Dairy free.</li>
<li>Gluten free.</li>
</ul>
Preguntas Frecuentes <p>¿En cuánto tiempo tengo el efecto energético del gel Actimax?</p>
<p>¡De inmediato! Los geles Actimax contienen glucosa que es energía inmediata y fructosa que es energía de larga duración, ósea que sentirás el efecto inmediato y por un largo periodo de tiempo.</p>
<p>¿Los geles energéticos tiene azúcar?</p>
<p>Los Geles de Actimax tienen carbohidratos en forma de fructosa y glucosa que son la mejor fuente de energía rápida y de larga duración para aportar combustible a tus músculos por largos periodos de tiempo durante el entrenamiento y las carreras.</p>
<p>¿Cuándo debo tomar un gel energético?</p>
<p>Durante la actividad deportiva el cuerpo y tus músculos van consumiendo tus reservas de combustible y a mayor intensidad del ejercicio el gasto de combustible es mayor, por eso te recomendamos consumir un gel cada 30 minutos si estás compitiendo o estás realizando un entrenamiento de intensidad alta y un gel cada 45 a 60 minutos si estás entrenando.</p>
<p>¿Tengo que comer todo el gel energético a la vez?</p>
<p>Para geles de 90 gr (3 porciones) lo ideal es destapar el gel Actimax y consumir una porcion (dividirlo en 3 tomas), mantenerlo en la boca y consumirlo despacio, saboreándolo despacio hasta ingerirlo completamente y luego un buen sorbo de agua para obtener sus máximos beneficios de entrega de energía inmediata</p>
<p>¿Los niños pueden consumir los geles Actimax?</p>
<p>Los deportistas de cualquier edad y sexo que realicen una actividad física que requiera energía inmediata y de larga duración pueden usar los geles Actimax con seguridad.</p>
<p>Solo recomendamos no utilizar las referencias con cafeína en menores de 14 años, mujeres en embarazo y personas sensibles a la cafeína. Recuerda que tenemos referencias con cafeína y sin cafeína.</p>
<p>¿Soy vegano, puedo consumir los geles energéticos Actimax?</p>
<p>Todos nuestros geles Actimax a excepción de la referencia de fresa – cafeína son aptos para veganos, son libres de gluten y libres de lácteos.</p>
<p>¿Puedo consumir el gel Actimax con las bebidas deportivas Actimax?</p>
<p>Para entrenamientos de más de 90 min es ideal utilizar los geles y las bebidas en combinación para que tus músculos obtengan la cantidad adecuada de combustible, electrolitos y líquidos que necesitas para esos esfuerzos prolongados y conseguir un mejor rendimiento.</p>
<p>Te recomendamos consumir 1 gel y ½ litro de bebida deportiva Actimax por cada hora de entrenamiento.</p>",Actimax,Geles energéticos,"geles, durante, ciclismo, running, triatlon",TRUE,Title,Default Title,,shopify,100,deny,manual,110000,,TRUE,TRUE,https://actimax.com.co/wp-content/uploads/2021/11/Gel-Energetico-Actimax-Caja-x8-sin-cafeina.png,1,Gel Energético – Caja x 8 geles sin cafeína,Gel Energético – Caja x 8 geles sin cafeína — Actimax,EL GEL ENERGÉTICO – ACTIMAX Te garantiza una combinación de nutrientes superior para cubrir tus necesidades de energía e hidratación DURANTE el entrenamiento y/,active
gel-energetico-actimax-caja-x8,,,,,,,,,,,,,,,,,,https://actimax.com.co/wp-content/uploads/2021/11/gel-energetico-90-g-fresa-banano-sin-cafeina-tabla-nutricional.jpg,2,Gel Energético – Caja x 8 geles sin cafeína,,,
bebida-deportiva-elite-con-cafeina-tarro-de-500gr,Bebida Deportiva Élite – Tarro de 500 gr con Cafeína,"<p>BEBIDA DEPORTIVA ELITE CON CAFEÍNA – ACTIMAX es la bebida deportiva con cafeína preferida por los atletas de velocidad y fuerza y los atletas de deportes explosivos que buscan sentirse más ágiles, despiertos y con el mejor combustible e hidratación para su cuerpo y sus músculos</p>
<h3>Recomendaciones de uso</h3>
<strong>Descripción detallada de la Bebida Deportiva Élite:</strong> <p>La Bebida Deportiva Elite con Cafeína – Actimax es una bebida desarrollada para atletas que necesitan una fuente de aporte de energía, hidratación, concentración e intensidad que actué de forma rápida, constante y prolongada DURANTE el entrenamiento o competencia.</p>
<p>Esta Bebida contiene una matriz energética con una consistente mezcla de maltodextrina, dextrosa y fructosa, carbohidratos de rápida asimilación que son la fuente principal de energía en el rendimiento deportivo; cafeína, para activar tu sistema nervioso y aportar esa chispa extra de energía y concentración a tu cuerpo; electrolitos, para mejorar la contracción muscular y vitaminas.</p>
<p>Esta bebida es recomendada para entrenamientos y competencias en deportes de velocidad, resistencia y fuerza.</p>
<p>Preparar la bebida es muy fácil, solo mezclas dos cucharadas (30 gr) de Actimax (cuchara dosificadora incluida en el tarro) en 500 ml de agua, agitas y en cuestión de segundos tienes una bebida hidratante y energética especializada para que alcances tu máximo potencial en tu deporte preferido y que te aportara 27,5 gr de carbohidratos, 250 mg de sodio y 55 mg de cafeína.</p>
<p>Si quieres aumentar el aporte de carbohidratos, sodio y cafeína, por cada 500 ml sigue estas indicaciones:</p>
<ul> <li>3 cucharadas (45 gr) de Actimax : te aportan 41,2 gr de carbohidratos, 375 mg de sodio y 82,5 mg de cafeína.</li>
<li>4 cucharadas (60 gr) de Actimax : Te aportaran 55 gr de carbohidratos, 500 mg de sodio y 110 mg de cafeína.</li>
</ul>
<strong>Sabores de la Bebida:</strong> <p>Naranja – Limón – Uva y Tutti Frutti.</p>
<strong>Información nutricional de la Bebida Deportiva Élite:</strong>2 cucharadas (30 gr ) en 500 ml de agua <ul> <li>27,5 gr de carbohidratos.</li>
<li>250 mg de sodio.</li>
<li>100 mg de calcio.</li>
<li>13 mg de vitamina C.</li>
<li>55 mg de cafeína.</li>
<li>Vitaminas B2, B3, B6, B12, B5.</li>
</ul>
Preguntas Frecuentes <p>¿Cuántas porciones trae la Bebida Élite?<br> El tarro trae 500 gr y rinde para 16 bidones de 500 ml<br> ¿La bebida deportiva elite Actimax es hidratante?</p>
<p>Si, las bebidas deportivas Elite Actimax contienen electrolitos específicos que ayudan a la hidratación del cuerpo durante la actividad física y adicionalmente contienen otros nutrientes que aportan combustible – energía a los músculos para que puedas explotar al máximo tu rendimiento deportivo.</p>
<p>¿Es mejor hidratarse solo con agua?</p>
<p>Cuando sudamos perdemos agua y a su vez perdemos electrolitos, ambos son fundamentales para que tu cuerpo y tus músculos funcionen adecuadamente y se mantenga un equilibrio de agua y electrolitos.</p>
<p>Por eso te recomendamos si vas a realizar actividades deportivas de más de 60 minutos incorporar al agua una mezcla de electrolitos y carbohidratos como los que están en las bebidas deportivas elite Actimax para garantizar que el agua permanecerá más tiempo en tu cuerpo ayudándote a mantenerte hidratado y con más energía.</p>
<p>¿Cómo se prepara la bebida deportiva elite Actimax?</p>
<p>Se coloca una porción de bebida deportiva elite Actimax en ½ litro de agua (500 ml) se mezcla y en cuestión de segundos tienes una bebida que te aporta hidratación y energía.</p>
<p>¿Cómo se consume la bebida deportiva Actimax?</p>
<p>Te recomendamos consumir sorbos de 100 a 125 ml cada 15 minutos para garantizar el aporte de agua, electrolitos y energía que tus músculos necesitan durante el entrenamiento o competencias.</p>
<p>¿Puedo consumir la bebida deportiva Actimax con el gel Actimax al mismo tiempo?</p>
<p>Para entrenamientos de más de 120 min es ideal utilizar la bebida deportiva Actimax en combinación con los geles Actimax para que tus músculos obtengan la cantidad adecuada de agua, electrolitos y combustible que necesitas para esos esfuerzos prolongados y conseguir un mejor rendimiento.</p>
<p>¿La bebida deportiva Actimax tiene cafeína?</p>
<p>SI, pero si la quieres sin cafeína también tenemos la referencia de bebida deportiva Actimax libre de cafeína.</p>
<p>¿Cómo me ayuda la cafeína en la bebida deportiva Actimax?</p>
<p>La cafeína estimula tu sistema nervioso central mejorando la concentración y al estado de alerta que son muy importantes a la hora de entrenar o competir, adicionalmente la cafeína en entrenamientos de más de 120 minutos te ayuda disminuir la percepción del esfuerzo retrasando la aparición de la fatiga, incrementa la oxidación de ácidos grasos y aumento en la producción de potencia media.</p>
<p>¿Para qué sirven los carbohidratos?</p>
<p>Los carbohidratos desempeñan una función primordial al proporcionar la principal fuente de energía para el cuerpo, para el ejercicio aeróbico. Los carbohidratos se almacenan en forma de glucógeno en los músculos y el hígado, luego se descomponen en glucosa y son utilizados junto con las grasas como fuente de energía para satisfacer las demandas del ejercicio. Para los ejercicios anaeróbicos de alta intensidad, los carbohidratos se convierten en glucosa rápidamente disponible para satisfacer la demanda energética, lo que permite que los músculos trabajen a su máxima capacidad.</p>
<p>¿Los niños pueden consumir la bebida deportiva Actimax?</p>
<p>Los deportistas de cualquier edad y sexo que realicen una actividad física que requiera hidratación y energía inmediata de larga duración pueden consumir la bebida deportiva Actimax con seguridad.</p>
<p>Solo recomendamos no utilizar las referencias con cafeína en menores de 14 años, mujeres en embarazo y personas sensibles a la cafeína. Recuerda que tenemos referencias con cafeína y sin cafeína.</p>
<p>¿Soy vegano, puedo consumir la bebida deportiva Actimax?</p>
<p>Todas nuestras referencias de bebida deportiva Actimax son aptas para veganos, son libres de gluten y libres de lácteos, sin aditivos ni preservantes.</p>",Actimax,Bebidas deportivas,"bebidas, durante, ciclismo, futbol, gym, natacion, running, triatlon",TRUE,Title,Default Title,,shopify,100,deny,manual,81000,,TRUE,TRUE,https://actimax.com.co/wp-content/uploads/2021/11/Bebida-Deportiva-elite-con-Cafeina-Tarro-de-500gr.png,1,Bebida Deportiva Élite – Tarro de 500 gr con Cafeína,Bebida Deportiva Élite – Tarro de 500 gr con Cafeína — Actimax,BEBIDA DEPORTIVA ELITE CON CAFEÍNA – ACTIMAX es la bebida deportiva con cafeína preferida por los atletas de velocidad y fuerza y los atletas de deportes explos,active
bebida-deportiva-elite-con-cafeina-tarro-de-500gr,,,,,,,,,,,,,,,,,,https://actimax.com.co/wp-content/uploads/2021/11/2-bebida_deportiva_elite_actimax_2.jpg,2,Bebida Deportiva Élite – Tarro de 500 gr con Cafeína,,,
bebida-deportiva-elite-con-cafeina-tarro-de-500gr,,,,,,,,,,,,,,,,,,https://actimax.com.co/wp-content/uploads/2021/11/1-bebida_deportiva_elite_actimax_.jpg,3,Bebida Deportiva Élite – Tarro de 500 gr con Cafeína,,,
bebida-deportiva-elite-con-cafeina-tarro-de-500gr,,,,,,,,,,,,,,,,,,https://actimax.com.co/wp-content/uploads/2021/11/bebida-elite-tarro-con-cafeina-tabla-nutricional.jpg,4,Bebida Deportiva Élite – Tarro de 500 gr con Cafeína,,,
protein-bar-caja-x18,Barra de Proteína Protein Bar – Caja x 18,"<p>PROTEIN BAR – ACTIMAX Es una fuente de proteína de alta calidad que puede utilizarse eficazmente para el Mantenimiento, Restauración y Síntesis de proteínas de los músculos en entrenamientos y competencias de resistencia proporcionando al atleta la energía y los aminoácidos esenciales necesarios para su práctica deportiva y la síntesis de nuevo tejido muscular.</p>
<h3>Recomendaciones de uso</h3>
<p>Dias Horas Minutos Segundos</p>
<strong>Descripción detallada de la Protein Bar:</strong> <p>Protein Bar Actimax, está desarrollada para atletas de rendimiento que necesitan una combinación SUPERIOR de nutrientes que les proporcionen Energía y Aminoácidos de forma rápida y prolongada Antes, Durante y Después de los entrenamientos y competencias de fondo y resistencia.</p>
<p>Protein Bar Actimax está adicionada con la más reciente tecnología en NUGGETS de proteína (esferas de proteína crujientes de alta calidad, alto aporte proteico y alta digestibilidad) que puede utilizarse eficazmente para el mantenimiento, restauración y síntesis de proteínas de los músculos en entrenamientos y competencias de resistencia y largo aliento.</p>
<p>Protein Bar Actimax te proporciona los aminoácidos esenciales necesarios para tu práctica deportiva y la síntesis de nuevo tejido muscular. Adicionalmente la Protein Bar Actimax utilizada después del entrenamiento puede ampliar el suministro de aminoácidos a los músculos hasta por más de 4 horas para mejorar la recuperación muscular.</p>
<p>Este producto es recomendado para todos los deportistas que entrenen o compitan en actividades deportivas de intensidad y resistencia y debe consumirse en la mitad del entrenamiento o competencia para recargar nuevamente de aminoácidos y glucógeno los músculos y evitar el daño muscular y la aparición de fatiga.</p>
<strong>Sabor de la Protein Bar:</strong> <p>Miel – Maní.</p>
<p><strong>NOTA:</strong> Puedes utilizar la Protein Bar Actimax antes, durante y después de tu actividad deportiva. También es una excelente opción como snack nutritivo y saludable en cualquier momento del día.</p>
<strong>Información nutricional de la barra energética:</strong> <ul> <li>9.6 gr de Proteína aislada de alto valor biológico.</li>
<li>14 gr de Carbohidratos</li>
<li>2.1 gr Fibra dietaria</li>
<li>111 mg de Sodio</li>
<li>29 mg de Calcio</li>
<li>Vitamina A y D</li>
<li>Miel de abeja.</li>
<li>Chips de chocolate.</li>
</ul>
Preguntas Frecuentes <p>¿Quiénes deben usar Protein Bar Actimax?</p>
<p>Protein Bar Actimax puede ser consumida por todos los deportistas, tanto aficionados como profesionales. Sus propiedades nutritivas son usadas como un recurso vital energético necesario en el día a día del deportista.</p>
<p>¿Cuándo debo consumir Protein Bar Actimax?</p>
<p>Protein bar Actimax, son el complemento nutricional diseñadas para satisfacer las necesidades proteicas de una dieta sana y balanceada del deportista. Son ideales para consumirse ANTES del entrenamiento o competencia, DURANTE el entrenamiento o competencia para obtener esa energía adicional y para DESPUÉS de entrenar o competir como un snack que te permita recuperarte de tu actividad deportiva.</p>
<p>¿Los niños pueden consumir Protein Bar Actimax?</p>
<p>¡Absolutamente! Protein Bar Actimax les encantará y complementará el aporte de nutrientes de calidad a su dieta, También es una excelente opción como Snack nutritivo y saludable en cualquier momento del día.</p>",Actimax,Barras de proteína,"barras, durante, ciclismo, futbol, gym, natacion, running, triatlon",TRUE,Title,Default Title,,shopify,100,deny,manual,215000,,TRUE,TRUE,https://actimax.com.co/wp-content/uploads/2021/11/Protein-Bar-Actimax-barra-de-proteina.webp,1,Barra de Proteína Protein Bar – Caja x 18,Barra de Proteína Protein Bar – Caja x 18 — Actimax,"PROTEIN BAR – ACTIMAX Es una fuente de proteína de alta calidad que puede utilizarse eficazmente para el Mantenimiento, Restauración y Síntesis de proteínas de ",active
protein-bar-caja-x18,,,,,,,,,,,,,,,,,,https://actimax.com.co/wp-content/uploads/2021/11/Protein-Bar-nuggets-de-proteina-con-trocitos-de-chocolate.webp,2,Barra de Proteína Protein Bar – Caja x 18,,,
protein-bar-caja-x18,,,,,,,,,,,,,,,,,,https://actimax.com.co/wp-content/uploads/2021/11/Protein-Bar-Actimax.webp,3,Barra de Proteína Protein Bar – Caja x 18,,,
protein-bar-caja-x18,,,,,,,,,,,,,,,,,,https://actimax.com.co/wp-content/uploads/2021/11/Tabla-nutricional-Protein-Bar.webp,4,Barra de Proteína Protein Bar – Caja x 18,,,
protein-bar-caja-x18,,,,,,,,,,,,,,,,,,https://actimax.com.co/wp-content/uploads/2021/11/Protein-Bar-ciclismo-deporte.webp,5,Barra de Proteína Protein Bar – Caja x 18,,,
pre-race-caja-x12,Bebida Pre Race – Caja x 12 sobres,"<p>Pre Race – Actimax es una bebida utilizada por los atletas de todas las modalidades deportivas para recargar sus músculos de forma rápida con el mejor combustible <strong>Antes</strong> de entrenar o competir.</p>
<h3>Recomendaciones de uso</h3>
Descripción detallada de la Bebida Pre Race: <p>Pre Race Actimax está diseñada para ser utilizada hasta 15 minutos antes de entrenar o competir. Pre Race Actimax se prepara fácilmente: agrega 1 sachet (36 gr) de Pre Race Actimax a 250 ml de la bebida que prefieras, puede ser agua, leche, yogurt, café, jugo, etc., mézclalos y obtendrás una deliciosa bebida.</p>
<p>Su especial mezcla de nutrientes tiene como objetivo entregar energía inmediata al músculo (carga de glucógeno muscular), mejorar la vasodilatación, dar saciedad y evitar el gasto muscular (catabolismo), aumentando las sensaciones y ganas de entrenar o competir.</p>
Sabores de Pre Race: <p>Fresa, vainilla y caramelo</p>
Información nutricional de la Bebida Pre Race: <ul> <li>25 gr de carbohidratos (Maltodextrina y Dextrosa).</li>
<li>6,2 gr de Proteína (con una especial mezcla de proteínas : Whey Protein hidrolizado, proteína aislada Soya y Caseína aislada).</li>
<li>85 mg de Sodio.</li>
<li>475 mg de Calcio.</li>
<li>12 mg de Magnesio.</li>
<li>2,2 mg de Zinc.</li>
<li>1,2 gr de fibra.</li>
<li>22 mg de Vitmina C.</li>
<li>Vitaminas del complejo B1, B3, B6, B9, B12.</li>
<li>Preservative free.</li>
</ul>
Preguntas Frecuentes <p>¿En qué momento debo tomar Pre Race Actimax?</p>
<p>Debe ser consumida 15 minutos antes de entrenar o competir.</p>
<p>¿Qué contiene Pre Race Actimax?</p>
<p>Pre Race Actimax contiene una mezcla de nutrientes (Maltodextrina, proteínas, glutamina, vitaminas, aminoácidos esenciales, minerales, fibra, etc) especializados, con el objetivo de suministrar energía inmediata a tus músculos..</p>
<p>¿Qué deportistas pueden usar Pre Race Actimax?</p>
<p>Pre Race Actimax, está diseñada para ser consumida por todos los deportistas, el aporte de energía a las reservas de glucógeno muscular es casi inmediato, aportando la energía que tus músculos necesitan al inicio de la actividad física.</p>
<p>¿Cómo preparar Pre Race Actimax?</p>
<p>Es muy sencillo, se disuelve un sobre de Pre Race Actimax en 250ml de tu bebida favorita, esta puede ser agua mineral, jugos, etc., y mézclalo. obtendrás una bebida deliciosa y nutritiva.</p>",Actimax,Bebidas deportivas,"bebidas, antes, ciclismo, futbol, gym, natacion, running, triatlon",TRUE,Title,Default Title,,shopify,100,deny,manual,123000,,TRUE,TRUE,https://actimax.com.co/wp-content/uploads/2025/08/Pre-Race-Caja-Actimax-600x600-1.webp,1,Bebida Pre Race – Caja x 12 sobres,Bebida Pre Race – Caja x 12 sobres — Actimax,Pre Race – Actimax es una bebida utilizada por los atletas de todas las modalidades deportivas para recargar sus músculos de forma rápida con el mejor combustib,active
pre-race-caja-x12,,,,,,,,,,,,,,,,,,https://actimax.com.co/wp-content/uploads/2021/11/pre_race_actimax_caja_2.jpg,2,Bebida Pre Race – Caja x 12 sobres,,,
pre-race-caja-x12,,,,,,,,,,,,,,,,,,https://actimax.com.co/wp-content/uploads/2025/08/pre_race_actimax_caja_1.webp,3,Bebida Pre Race – Caja x 12 sobres,,,
pre-race-caja-x12,,,,,,,,,,,,,,,,,,https://actimax.com.co/wp-content/uploads/2021/11/pre_race_actimax_caja.jpg,4,Bebida Pre Race – Caja x 12 sobres,,,
pre-race-caja-x12,,,,,,,,,,,,,,,,,,https://actimax.com.co/wp-content/uploads/2021/11/pre-race-sachet-tabla-nutricional.jpg,5,Bebida Pre Race – Caja x 12 sobres,,,
gl-energetico-actimax-sachets-x24-con-cafeina,Gel Energético – Caja x 24 sachets con Cafeína,"<p>El Gel Energético – Actimax te garantiza una combinación de nutrientes superior para cubrir tus necesidades de energía e hidratación durante el entrenamiento y/o competencia.</p>
<h3>Recomendaciones de uso</h3>
<p>Dias Horas Minutos Segundos</p>
<p>Descripción detallada del gel energético Actimax:</p>
<p>Geles con mezclas de carbohidratos simples y complejos de rápida absorción y liberación sostenida que te garantizaran la obtención de energía rápida e hidratación por largos períodos de tiempo.</p>
<p>Son ideales para usar en deportes de largo aliento y resistencia de más de 2 horas de duración como: Ciclismo de fondo, ciclo montañismo, 1⁄2 maratón, maratón, ultra maratón, Trail de montaña, Triatlón de 1⁄2 y larga distancia, natación de aguas abiertas, etc.</p>
<p>Su excelente sabor a fruta 100% natural, su empaque ergonómico de 30 gr te garantizarán la dosis precisa de energía cada vez que los consumas.</p>
<p>Usarlo es muy fácil, solo rompes el sachet por la guía de corte, consumes la totalidad del gel y tomas un sorbo de agua.</p>
Sabores del gel: <p>Fresa, manzana, mango.</p>
Información nutricional del gel energético Actimax: <ul> <li>Carbohidratos (Glucosa + Fructosa): Manzana 10 gr / Fresa 9,5 gr / Mango 9,4 gr.</li>
<li>Sodio : Manzana 39 mg / Fresa 39 mg / Mango 40 mg</li>
<li>Vitamina C: 34 mg.</li>
<li>Cafeina: 9, 6 mg.</li>
<li>Inositol: 4,6 mg.</li>
<li>Sin colorantes artificiales.</li>
<li>Vegan friendly.<br> Dairy free.</li>
<li>Gluten free.</li>
</ul>
Preguntas Frecuentes <p>¿En cuánto tiempo tengo el efecto energético del gel Actimax?</p>
<p>¡De inmediato! Los geles Actimax contienen glucosa que es energía inmediata y fructosa que es energía de larga duración, ósea que sentirás el efecto inmediato y por un largo periodo de tiempo.</p>
<p>¿Los geles energéticos tiene azúcar?</p>
<p>Los Geles de Actimax tienen carbohidratos en forma de fructosa y glucosa que son la mejor fuente de energía rápida y de larga duración para aportar combustible a tus músculos por largos periodos de tiempo durante el entrenamiento y las carreras.</p>
<p>¿Cuándo debo tomar un gel energético?</p>
<p>Durante la actividad deportiva el cuerpo y tus músculos van consumiendo tus reservas de combustible y a mayor intensidad del ejercicio el gasto de combustible es mayor, por eso te recomendamos consumir un gel cada 30 minutos si estás compitiendo o estás realizando un entrenamiento de intensidad alta y un gel cada 45 a 60 minutos si estás entrenando.</p>
<p>¿Tengo que comer todo el gel energético a la vez?</p>
<p>Para geles de 30 gr lo ideal es destapar el gel Actimax y consumir todo su contenido, mantenerlo en la boca y consumirlo despacio, saboreándolo despacio hasta ingerirlo completamente y luego un buen sorbo de agua para obtener sus máximos beneficios de entrega de energía inmediata.</p>
<p>¿Los niños pueden consumir los geles Actimax?</p>
<p>Los deportistas de cualquier edad y sexo que realicen una actividad física que requiera energía inmediata y de larga duración pueden usar los geles Actimax con seguridad.</p>
<p>Solo recomendamos no utilizar las referencias con cafeína en menores de 14 años, mujeres en embarazo y personas sensibles a la cafeína. Recuerda que tenemos referencias con cafeína y sin cafeína.</p>
<p>¿Soy vegano, puedo consumir los geles energéticos Actimax?</p>
<p>Todos nuestros geles Actimax a excepción de la referencia de fresa – cafeína son aptos para veganos, son libres de gluten y libres de lácteos.</p>
<p>¿Puedo consumir el gel Actimax con las bebidas deportivas Actimax?</p>
<p>Para entrenamientos de más de 90 min es ideal utilizar los geles y las bebidas en combinación para que tus músculos obtengan la cantidad adecuada de combustible, electrolitos y líquidos que necesitas para esos esfuerzos prolongados y conseguir un mejor rendimiento.</p>
<p>Te recomendamos consumir 1 gel y ½ litro de bebida deportiva Actimax por cada hora de entrenamiento.</p>
<p>¿Qué función cumplen los carbohidratos en el deporte?</p>
<p>Los carbohidratos desempeñan una función primordial al proporcionar la principal fuente de energía para el cuerpo. Para el ejercicio aeróbico, los carbohidratos se almacenan en forma de glucógeno en los músculos y el hígado, luego se descomponen en glucosa y son utilizados junto con grasas como fuente de energía para satisfacer las demandas del ejercicio, por su parte, para los ejercicios anaeróbicos de alta intensidad, los carbohidratos se convierten en glucosa rápidamente disponible para satisfacer la demanda energética, lo que permite que los músculos trabajen a su máxima capacidad.</p>
<p>¿Cuáles son los beneficios de la cafeína en el deporte?</p>
<p>La cafeína en los deportistas ayuda a retrasar la sensación de fatiga, reducción de las sensaciones de dolor y esfuerzo, incremento en la oxidación de ácidos grasos y aumento en la producción de potencia media.</p>
<p>¿Cuáles son los beneficios de la taurina en el deporte?</p>
<p>La taurina puede aportar propiedades muy útiles para el rendimiento deportivo: aumenta la resistencia de los músculos y su desarrollo acortando el tiempo de recuperación. Reduce la inflamación y el valor del llamado lactato que provoca fatiga muscular. Reduce los calambres musculares.</p>
<p>¿Cómo ayuda el inositol en deportistas?</p>
<p>El inositol en deportistas puede ayudar a aumentar la resistencia durante el ejercicio permitiéndole entrenar durante más tiempo y a una mayor intensidad.</p>",Actimax,Geles energéticos,"geles, durante, ciclismo, gym, natacion, running, triatlon",TRUE,Title,Default Title,,shopify,100,deny,manual,150000,,TRUE,TRUE,https://actimax.com.co/wp-content/uploads/2021/11/gel-energetico-actimax-con-cafeina.png,1,Gel Energético – Caja x 24 sachets con Cafeína,Gel Energético – Caja x 24 sachets con Cafeína — Actimax,El Gel Energético – Actimax te garantiza una combinación de nutrientes superior para cubrir tus necesidades de energía e hidratación durante el entrenamiento y/,active
gl-energetico-actimax-sachets-x24-con-cafeina,,,,,,,,,,,,,,,,,,https://actimax.com.co/wp-content/uploads/2021/12/5-gel_energetico_con_cafeina_30_gr.jpg,2,Gel Energético – Caja x 24 sachets con Cafeína,,,
gl-energetico-actimax-sachets-x24-con-cafeina,,,,,,,,,,,,,,,,,,https://actimax.com.co/wp-content/uploads/2021/12/2-gel_energetico_con_cafeina_30_gr.jpg,3,Gel Energético – Caja x 24 sachets con Cafeína,,,
gl-energetico-actimax-sachets-x24-con-cafeina,,,,,,,,,,,,,,,,,,https://actimax.com.co/wp-content/uploads/2021/12/1-gel_energetico_con_cafeina_30_gr.jpg,4,Gel Energético – Caja x 24 sachets con Cafeína,,,
gl-energetico-actimax-sachets-x24-con-cafeina,,,,,,,,,,,,,,,,,,https://actimax.com.co/wp-content/uploads/2021/12/4-gel_energetico_con_cafeina_30_gr.jpg,5,Gel Energético – Caja x 24 sachets con Cafeína,,,
gl-energetico-actimax-sachets-x24-con-cafeina,,,,,,,,,,,,,,,,,,https://actimax.com.co/wp-content/uploads/2021/12/3-gel_energetico_con_cafeina_30_gr.jpg,6,Gel Energético – Caja x 24 sachets con Cafeína,,,
gl-energetico-actimax-sachets-x24-con-cafeina,,,,,,,,,,,,,,,,,,https://actimax.com.co/wp-content/uploads/2021/11/gel-energetico-30-g-fresa-cafeina-tabla-nutricional.jpg,7,Gel Energético – Caja x 24 sachets con Cafeína,,,
gl-energetico-actimax-sachets-x24-con-cafeina,,,,,,,,,,,,,,,,,,https://actimax.com.co/wp-content/uploads/2021/11/gel-energetico-30-g-mango-cafeina-tabla-nutricional.jpg,8,Gel Energético – Caja x 24 sachets con Cafeína,,,
gl-energetico-actimax-sachets-x24-con-cafeina,,,,,,,,,,,,,,,,,,https://actimax.com.co/wp-content/uploads/2021/11/gel-energetico-30-g-manzana-verde-cafeina-tabla-nutricional.jpg,9,Gel Energético – Caja x 24 sachets con Cafeína,,,
