"Redirect from","Redirect to"
"/blog/","/blogs/blog"
"/blog/calculadoras-fitness/","/blogs/blog/tagged/calculadoras-fitness"
"/blog/ciclismo/","/blogs/blog/tagged/ciclismo"
"/blog/datos-deportivos-curiosos/","/blogs/blog/tagged/datos-deportivos-curiosos"
"/blog/gym/","/blogs/blog/tagged/gym"
"/blog/noticias-y-eventos-deportivos/","/blogs/blog/tagged/noticias-y-eventos-deportivos"
"/blog/nutricion/","/blogs/blog/tagged/nutricion"
"/blog/deporte/","/blogs/blog/tagged/deporte"
"/blog/running/","/blogs/blog/tagged/running"
"/blog/tecnologia-en-el-deporte/","/blogs/blog/tagged/tecnologia-en-el-deporte"
"/blog/tips-para-el-ejercicio/","/blogs/blog/tagged/tips-para-el-ejercicio"
"/blog/triatlon/","/blogs/blog/tagged/triatlon"
"/blog/vida-saludable/","/blogs/blog/tagged/vida-saludable"
"/blog/nutricion-para-ciclismo-de-ruta-estrategia-de-alimentacion-para-rendimiento-y-recuperacion/","/blogs/blog/nutricion-para-ciclismo-de-ruta-estrategia-de-alimentacion-para-rendimiento-y-recuperacion"
"/blog/carga-de-carbohidratos-antes-de-competir-protocolo-timing-y-alimentos-practicos/","/blogs/blog/carga-de-carbohidratos-antes-de-competir-protocolo-timing-y-alimentos-practicos"
"/blog/carbohidratos-para-deportes-de-resistencia-estrategia-nutricional-basada-en-evidencia/","/blogs/blog/carbohidratos-para-deportes-de-resistencia-estrategia-nutricional-basada-en-evidencia"
"/blog/carbohidratos-para-runners-alimentos-clave-y-estrategia-de-consumo-para-optimizar-tu-rendimiento/","/blogs/blog/carbohidratos-para-runners-alimentos-clave-y-estrategia-de-consumo-para-optimizar-tu-rendimiento"
"/blog/sodio-para-corredores-cuanto-necesitas-segun-la-duracion-e-intensidad-de-tu-carrera/","/blogs/blog/sodio-para-corredores-cuanto-necesitas-segun-la-duracion-e-intensidad-de-tu-carrera"
"/blog/agua-versus-bebida-isotonica-para-correr-cuando-usar-cada-una-segun-tu-entrenamiento/","/blogs/blog/agua-versus-bebida-isotonica-para-correr-cuando-usar-cada-una-segun-tu-entrenamiento"
"/hidratacion-deportiva-para-corredores-estrategia-de-fluidos-y-electrolitos-en-clima-tropical/","/blogs/blog/hidratacion-deportiva-para-corredores-estrategia-de-fluidos-y-electrolitos-en-clima-tropical"
"/gel-energetico-con-cafeina-vs-sin-cafeina-cuando-usar-cada-uno-para-optimizar-tu-rendimiento/","/blogs/blog/gel-energetico-con-cafeina-vs-sin-cafeina-cuando-usar-cada-uno-para-optimizar-tu-rendimiento"
"/blog/como-tomar-geles-sin-malestar-estomacal-estrategia-de-tolerancia-para-atletas/","/blogs/blog/como-tomar-geles-sin-malestar-estomacal-estrategia-de-tolerancia-para-atletas"
"/blog/que-comer-despues-de-entrenar-running-nutricion-practica-para-recuperacion-y-rendimiento/","/blogs/blog/que-comer-despues-de-entrenar-running-nutricion-practica-para-recuperacion-y-rendimiento"
"/blog/que-comer-antes-de-correr-10k-nutricion-y-timing-para-optimizar-tu-rendimiento/","/blogs/blog/que-comer-antes-de-correr-10k-nutricion-y-timing-para-optimizar-tu-rendimiento"
"/blog/nutricion-deportiva-para-corredores-principiantes-plan-practico-de-alimentacion-e-hidratacion/","/blogs/blog/nutricion-deportiva-para-corredores-principiantes-plan-practico-de-alimentacion-e-hidratacion"
"/blog/hidratacion-estrategica-para-correr-21k-guia-practica-para-media-maraton/","/blogs/blog/hidratacion-estrategica-para-correr-21k-guia-practica-para-media-maraton"
"/cuantos-geles-energeticos-necesitas-para-una-media-maraton/","/blogs/blog/cuantos-geles-energeticos-necesitas-para-una-media-maraton"
"/guia-nutricional-definitiva-para-corredores-de-media-maraton-antes-durante-y-despues/","/blogs/blog/guia-nutricional-definitiva-para-corredores-de-media-maraton-antes-durante-y-despues"
"/diccionario-de-nutricion-deportiva-para-corredores-ciclistas-y-triatletas/","/blogs/blog/diccionario-de-nutricion-deportiva-para-corredores-ciclistas-y-triatletas"
"/blog/calendario-de-carreras-running-en-colombia-2025/","/blogs/blog/calendario-de-carreras-running-en-colombia-2025"
"/blog/como-respirar-correctamente-al-correr/","/blogs/blog/como-respirar-correctamente-al-correr"
"/calendario-de-competencias-de-triatlon-colombia/","/blogs/blog/calendario-de-competencias-de-triatlon-colombia"
"/blog/ciclismo-de-ruta-consejos-para-ciclistas-principiantes/","/blogs/blog/ciclismo-de-ruta-consejos-para-ciclistas-principiantes"
"/blog/que-comer-antes-de-una-carrera-guia-practica-para-runners/","/blogs/blog/que-comer-antes-de-una-carrera-guia-practica-para-runners"
"/blog/ectomorfo-endomorfo-o-mesomorfo-somatotipo/","/blogs/blog/ectomorfo-endomorfo-o-mesomorfo-somatotipo"
"/blog/maraton-de-medellin-2024/","/blogs/blog/maraton-de-medellin-2024"
"/calendario-de-carreras-de-ciclismo-y-gran-fondo-2025-2026/","/blogs/blog/calendario-de-carreras-de-ciclismo-y-gran-fondo-2025-2026"
"/blog/30-imagenes-de-ciclismo-con-frases-inspiradoras-y-motivacionales/","/blogs/blog/30-imagenes-de-ciclismo-con-frases-inspiradoras-y-motivacionales"
"/blog/deficiencia-de-proteinas-senales-que-no-consumes-las-suficientes/","/blogs/blog/deficiencia-de-proteinas-senales-que-no-consumes-las-suficientes"
"/blog/hielo-mineral-para-deportistas/","/blogs/blog/hielo-mineral-para-deportistas"
"/blog/como-respirar-correctamente-durante-el-ejercicio-y-por-que-es-tan-importante/","/blogs/blog/como-respirar-correctamente-durante-el-ejercicio-y-por-que-es-tan-importante"
"/blog/suplementos-pre-entreno-para-que-sirve/","/blogs/blog/suplementos-pre-entreno-para-que-sirve"
"/blog/bebida-hidratante-rendimiento/","/blogs/blog/bebida-hidratante-rendimiento"
"/blog/nutricion-deportiva-vs-formulas-caseras/","/blogs/blog/nutricion-deportiva-vs-formulas-caseras"
"/blog/geles-energeticos-guia/","/blogs/blog/geles-energeticos-guia"
"/blog/proteina-whey-vs-creatina/","/blogs/blog/proteina-whey-vs-creatina"
"/blog/pastilla-electrolitos-vs-bebidas-deportivas/","/blogs/blog/pastilla-electrolitos-vs-bebidas-deportivas"
"/blog/nutricion-deportiva/","/blogs/blog/nutricion-deportiva"
"/blog/consejos-infalibles-de-nutricion-para-deportistas-con-diabetes/","/blogs/blog/consejos-infalibles-de-nutricion-para-deportistas-con-diabetes"
"/blog/beneficios-de-usar-productos-de-nutricion-deportiva/","/blogs/blog/beneficios-de-usar-productos-de-nutricion-deportiva"
"/blog/cuantas-horas-debe-dormir-un-deportista/","/blogs/blog/cuantas-horas-debe-dormir-un-deportista"
"/blog/desmitificando-los-geles-energeticos-como-usarlos/","/blogs/blog/desmitificando-los-geles-energeticos-como-usarlos"
"/blog/geles-energeticos-que-son-como-usarlos-y-cuanto-tomarlos/","/blogs/blog/geles-energeticos-que-son-como-usarlos-y-cuanto-tomarlos"
"/blog/el-muro-en-la-maraton-que-es-y-como-prevenirlo/","/blogs/blog/el-muro-en-la-maraton-que-es-y-como-prevenirlo"
"/blog/estrategias-nutricionales-antes-durante-y-despues-de-un-duatlon/","/blogs/blog/estrategias-nutricionales-antes-durante-y-despues-de-un-duatlon"
"/blog/nutricion-deportiva-para-adolescentes-consejos-para-jovenes-atletas/","/blogs/blog/nutricion-deportiva-para-adolescentes-consejos-para-jovenes-atletas"
"/blog/beneficios-del-ciclismo-mejora-tu-salud-y-bienestar/","/blogs/blog/beneficios-del-ciclismo-mejora-tu-salud-y-bienestar"
"/blog/errores-de-alimentacion-en-deportistas/","/blogs/blog/errores-de-alimentacion-en-deportistas"
"/blog/rutas-para-todo-ciclista-medellin-antioquia/","/blogs/blog/rutas-para-todo-ciclista-medellin-antioquia"
"/blog/beneficios-de-la-cafeina-en-el-deporte/","/blogs/blog/beneficios-de-la-cafeina-en-el-deporte"
"/blog/prepararse-para-una-carrera-de-atletismo/","/blogs/blog/prepararse-para-una-carrera-de-atletismo"
"/blog/los-15-mejores-ciclistas-de-la-historia-hazanas-y-legados/","/blogs/blog/los-15-mejores-ciclistas-de-la-historia-hazanas-y-legados"
"/blog/lesiones-mas-comunes-en-ciclismo-y-como-prevenirlas/","/blogs/blog/lesiones-mas-comunes-en-ciclismo-y-como-prevenirlas"
"/blog/mitos-mas-comunes-sobre-la-nutricion-deportiva/","/blogs/blog/mitos-mas-comunes-sobre-la-nutricion-deportiva"
"/blog/electrolitos-lo-que-todo-deportista-debe-saber/","/blogs/blog/electrolitos-lo-que-todo-deportista-debe-saber"
"/blog/talla-de-bicicleta-adecuada/","/blogs/blog/talla-de-bicicleta-adecuada"
"/blog/calculadora-de-calorias/","/blogs/blog/calculadora-de-calorias"
"/blog/deficit-calorico-crear-una-dieta-efectiva/","/blogs/blog/deficit-calorico-crear-una-dieta-efectiva"
"/blog/guia-completa-sobre-las-barras-de-proteina-en-realidad-son-saludables-y-efectivas/","/blogs/blog/guia-completa-sobre-las-barras-de-proteina-en-realidad-son-saludables-y-efectivas"
"/blog/frecuencia-cardiaca-normal-y-cual-no/","/blogs/blog/frecuencia-cardiaca-normal-y-cual-no"
"/blog/ayuno-intermitente-definicion-consejos-y-beneficios-de-incluirlo-en-tu-vida/","/blogs/blog/ayuno-intermitente-definicion-consejos-y-beneficios-de-incluirlo-en-tu-vida"
"/blog/proteinas-para-mujeres-beneficios-mitos-y-consejos/","/blogs/blog/proteinas-para-mujeres-beneficios-mitos-y-consejos"
"/blog/calcular-imc-indice-de-masa-corporal/","/blogs/blog/calcular-imc-indice-de-masa-corporal"
"/blog/consejos-para-correr-una-media-maraton/","/blogs/blog/consejos-para-correr-una-media-maraton"
"/blog/consejos-para-empezar-a-practicar-ciclismo-de-montana/","/blogs/blog/consejos-para-empezar-a-practicar-ciclismo-de-montana"
"/blog/consejos-gran-fondo-en-ciclismo/","/blogs/blog/consejos-gran-fondo-en-ciclismo"
"/blog/sobreentrenamiento-sintomas-y-como-recuperarse/","/blogs/blog/sobreentrenamiento-sintomas-y-como-recuperarse"
"/como-mejorar-la-recuperacion-despues-del-entrenamiento/","/blogs/blog/como-mejorar-la-recuperacion-despues-del-entrenamiento"
"/las-10-mejores-tecnicas-de-carrera-para-un-triatleta/","/blogs/blog/las-10-mejores-tecnicas-de-carrera-para-un-triatleta"
"/blog/rally-dakar-la-carrera-mas-emocionante-y-peligrosa/","/blogs/blog/rally-dakar-la-carrera-mas-emocionante-y-peligrosa"
"/blog/triatlon-media-distancia-deportes-y-preparacion-nutricional/","/blogs/blog/triatlon-media-distancia-deportes-y-preparacion-nutricional"
"/blog/sandra-lorena-arenas-ganadora-de-medalla-de-plata-tokyo-2020/","/blogs/blog/sandra-lorena-arenas-ganadora-de-medalla-de-plata-tokyo-2020"
"/blog/cuando-ejercitarse-la-mejor-hora-del-dia-para-hacer-ejercicio/","/blogs/blog/cuando-ejercitarse-la-mejor-hora-del-dia-para-hacer-ejercicio"
"/blog/hidratacion-en-deportes-de-alta-duracion-y-resistencia/","/blogs/blog/hidratacion-en-deportes-de-alta-duracion-y-resistencia"
"/blog/tips-de-nutricion-para-subir-al-alto-de-letras-en-bicicleta/","/blogs/blog/tips-de-nutricion-para-subir-al-alto-de-letras-en-bicicleta"
"/blog/alimentacion-y-nutricion-para-deportistas/","/blogs/blog/alimentacion-y-nutricion-para-deportistas"
"/blog/nutricion-deportiva-antes-durante-y-despues-del-entrenamiento/","/blogs/blog/nutricion-deportiva-antes-durante-y-despues-del-entrenamiento"
"/blog/historia-tavo-buitrago/","/blogs/blog/historia-tavo-buitrago"
"/blog/el-entrenamiento-invisible-el-gran-secreto-de-los-campeones/","/blogs/blog/el-entrenamiento-invisible-el-gran-secreto-de-los-campeones"
"/blog/50-motivos-para-practicar-deporte/","/blogs/blog/50-motivos-para-practicar-deporte"
"/blog/tips-para-correr-la-maraton/","/blogs/blog/tips-para-correr-la-maraton"
"/blog/geles-energeticos-actimax/","/blogs/blog/geles-energeticos-actimax"
